trip_start_timestamp,trip_total,trip_pooled,trip_miles,cases_total,deaths_total,hospitalizations_total,cases_age_18_29,cases_age_60_69,year,month
2020-01-01,15.565176056467164,1.1280046783334752,6.7981603568184665,0.0,0.0,0.0,0.0,0.0,2020,1
2020-01-02,15.70043216631098,1.1361152818197948,7.199197610643183,0.0,0.0,0.0,0.0,0.0,2020,1
2020-01-03,14.66412351259807,1.1317939017110503,6.662156628625603,0.0,0.0,0.0,0.0,0.0,2020,1
2020-01-04,14.376645866358462,1.107067288875857,6.417038660390503,0.0,0.0,0.0,0.0,0.0,2020,1
2020-01-05,15.278691946397815,1.117686576086684,7.191659888827871,0.0,0.0,0.0,0.0,0.0,2020,1
2020-01-06,17.128248132406092,1.1429603234991437,7.639364767245165,0.0,0.0,0.0,0.0,0.0,2020,1
2020-01-07,16.11197838885251,1.1466046516335762,7.071469398786669,0.0,0.0,0.0,0.0,0.0,2020,1
2020-01-08,15.92249150580846,1.1474603896695363,6.815600760259845,0.0,0.0,0.0,0.0,0.0,2020,1
2020-01-09,16.38800209190783,1.1378561244912355,7.015377133704014,0.0,0.0,0.0,0.0,0.0,2020,1
2020-01-10,15.882860206146276,1.1416475805564852,6.61692390791658,0.0,0.0,0.0,0.0,0.0,2020,1
2020-01-11,14.069047367457573,1.1326203475678718,5.843904050401046,0.0,0.0,0.0,0.0,0.0,2020,1
2020-01-12,15.963020960881805,1.1400534431156248,7.263868072864168,0.0,0.0,0.0,0.0,0.0,2020,1
2020-01-13,17.710474318605023,1.1410009993266808,7.682205348565144,0.0,0.0,0.0,0.0,0.0,2020,1
2020-01-14,16.388532227788875,1.1431926546444755,6.944514985264534,0.0,0.0,0.0,0.0,0.0,2020,1
2020-01-15,16.438385229177474,1.1396078253539623,6.831599641262227,0.0,0.0,0.0,0.0,0.0,2020,1
2020-01-16,16.967102956496635,1.1389823532911685,7.013594812408152,0.0,0.0,0.0,0.0,0.0,2020,1
2020-01-17,17.215095127262586,1.1588745302723398,6.728781720282803,0.0,0.0,0.0,0.0,0.0,2020,1
2020-01-18,15.214421254860245,1.1379912850539946,6.2179104328008785,0.0,0.0,0.0,0.0,0.0,2020,1
2020-01-19,14.602179637111654,1.1512982861909873,6.285374732063483,0.0,0.0,0.0,0.0,0.0,2020,1
2020-01-20,16.841714559956504,1.1436098416889056,7.330201326524178,0.0,0.0,0.0,0.0,0.0,2020,1
2020-01-21,16.95728355571593,1.1540616143401716,7.267413294997745,0.0,0.0,0.0,0.0,0.0,2020,1
2020-01-22,16.418406946422866,1.1470395380439762,6.943242716588816,0.0,0.0,0.0,0.0,0.0,2020,1
2020-01-23,16.846042539861045,1.1514553293487788,6.972557456994036,0.0,0.0,0.0,0.0,0.0,2020,1
2020-01-24,16.30498376754132,1.1533640632156124,6.626212280983473,0.0,0.0,0.0,0.0,0.0,2020,1
2020-01-25,14.622754184001186,1.1274821323058293,6.138081671670657,0.0,0.0,0.0,0.0,0.0,2020,1
2020-01-26,15.511195709528206,1.1368688313065187,7.009563026451565,0.0,0.0,0.0,0.0,0.0,2020,1
2020-01-27,17.40704961117029,1.1462084198386409,7.543850486160923,0.0,0.0,0.0,0.0,0.0,2020,1
2020-01-28,16.354137210976308,1.1462019467778155,6.963386102252543,0.0,0.0,0.0,0.0,0.0,2020,1
2020-01-29,16.564870085295393,1.1401791333939917,6.981259384606045,0.0,0.0,0.0,0.0,0.0,2020,1
2020-01-30,16.94383684418771,1.1377849046258266,7.139247422750897,0.0,0.0,0.0,0.0,0.0,2020,1
2020-01-31,16.221153477239938,1.148465729249946,6.718336279107045,0.0,0.0,0.0,0.0,0.0,2020,1
2020-02-01,14.551186024850747,1.1247930123532222,6.159656390842245,0.0,0.0,0.0,0.0,0.0,2020,2
2020-02-02,15.301837354272163,1.133852554927935,6.894564565935387,0.0,0.0,0.0,0.0,0.0,2020,2
2020-02-03,17.531502735763787,1.1421924280662257,7.638858701863415,0.0,0.0,0.0,0.0,0.0,2020,2
2020-02-04,16.27277545389762,1.1403549403772637,6.968682545559432,0.0,0.0,0.0,0.0,0.0,2020,2
2020-02-05,16.44633615643511,1.1405132201361683,6.88006073638942,0.0,0.0,0.0,0.0,0.0,2020,2
2020-02-06,17.062524270960136,1.1473140763637633,6.9718985552804185,0.0,0.0,0.0,0.0,0.0,2020,2
2020-02-07,16.498941429375762,1.1334054840926937,6.795690969066165,0.0,0.0,0.0,0.0,0.0,2020,2
2020-02-08,14.714944458407645,1.1057764820979623,6.169041966158832,0.0,0.0,0.0,0.0,0.0,2020,2
2020-02-09,15.664550707003537,1.1182226411377858,6.995770924107558,0.0,0.0,0.0,0.0,0.0,2020,2
2020-02-10,17.894648154496483,1.1290061806923912,7.7631575866854226,0.0,0.0,0.0,0.0,0.0,2020,2
2020-02-11,16.70789749827681,1.1309772794941608,7.095607016032967,0.0,0.0,0.0,0.0,0.0,2020,2
2020-02-12,16.77820523960555,1.1300018815496484,6.917001177491902,0.0,0.0,0.0,0.0,0.0,2020,2
2020-02-13,17.509015478635305,1.1453784847485071,6.898164043766768,0.0,0.0,0.0,0.0,0.0,2020,2
2020-02-14,17.444105229090546,1.1515915171363005,6.403711438938585,0.0,0.0,0.0,0.0,0.0,2020,2
2020-02-15,15.566269958926885,1.1065826949728548,6.009919560866663,0.0,0.0,0.0,0.0,0.0,2020,2
2020-02-16,16.050845105931696,1.111547138948842,6.571889848159167,0.0,0.0,0.0,0.0,0.0,2020,2
2020-02-17,18.008864917326758,1.1211291298259654,7.5131798751373635,0.0,0.0,0.0,0.0,0.0,2020,2
2020-02-18,17.503293269947747,1.1249924492635524,7.4431516407823715,0.0,0.0,0.0,0.0,0.0,2020,2
2020-02-19,17.002392474518174,1.1184499825977223,7.078124628786994,0.0,0.0,0.0,0.0,0.0,2020,2
2020-02-20,17.095809629534525,1.1167247933025015,6.938649605076691,0.0,0.0,0.0,0.0,0.0,2020,2
2020-02-21,16.781564378773037,1.1154077464227388,6.728414833267741,0.0,0.0,0.0,0.0,0.0,2020,2
2020-02-22,15.103453462618196,1.0894351908788102,6.247202582618005,0.0,0.0,0.0,0.0,0.0,2020,2
2020-02-23,16.26661207325733,1.0991766134691952,7.223523392271595,0.0,0.0,0.0,0.0,0.0,2020,2
2020-02-24,17.81291021089222,1.1115244129550057,7.724904396605294,0.0,0.0,0.0,0.0,0.0,2020,2
2020-02-25,16.475484521165296,1.1214392329539828,6.989806442052142,0.0,0.0,0.0,0.0,0.0,2020,2
2020-02-26,16.587711115715493,1.1317045521372764,6.895486698835536,0.0,0.0,0.0,0.0,0.0,2020,2
2020-02-27,17.219282241330138,1.126760486769833,7.1472852345621165,0.0,0.0,0.0,0.0,0.0,2020,2
2020-02-28,17.037365825693552,1.1322749595177155,6.800704669324567,0.0,0.0,0.0,0.0,0.0,2020,2
2020-03-01,16.44339964747377,1.1116273704116928,7.14087464245695,0.0,0.0,2.0,0.0,0.0,2020,3
2020-03-02,17.740635634212662,1.1263816080722833,7.6523228776423835,0.0,0.0,1.0,0.0,0.0,2020,3
2020-03-03,16.701036139635125,1.123915212665416,7.1209326137570725,0.0,0.0,3.0,0.0,0.0,2020,3
2020-03-04,16.75715130114086,1.1232811750756768,7.115731240662305,1.0,0.0,2.0,0.0,0.0,2020,3
2020-03-05,17.18972613247095,1.1151350306912828,7.2149311632292354,1.0,0.0,6.0,0.0,0.0,2020,3
2020-03-06,16.431187161300755,1.1257204844279558,6.804360710623814,3.0,0.0,2.0,0.0,1.0,2020,3
2020-03-07,15.034204088346778,1.106172628325529,6.338908003529828,3.0,0.0,3.0,0.0,0.0,2020,3
2020-03-08,16.082328656938053,1.1264924894820332,7.11809626574508,3.0,0.0,7.0,0.0,0.0,2020,3
2020-03-09,17.02245301530727,1.1399588544018662,7.239091373843955,5.0,0.0,3.0,0.0,0.0,2020,3
2020-03-10,15.977739032636366,1.1346057885078538,6.850349084570378,11.0,0.0,5.0,2.0,0.0,2020,3
2020-03-11,15.965232856677964,1.1310506934369249,6.820417262375443,13.0,0.0,7.0,4.0,2.0,2020,3
2020-03-12,16.223884305347116,1.1227470630526541,7.00032912783968,21.0,0.0,7.0,6.0,3.0,2020,3
2020-03-13,15.610657056886186,1.1187792759203368,6.648292639740014,32.0,0.0,8.0,4.0,5.0,2020,3
2020-03-14,13.948563088943342,1.0913034847892755,5.871409465500054,31.0,0.0,9.0,9.0,3.0,2020,3
2020-03-15,15.020521271749669,1.1007799992732177,7.0094368709304575,40.0,0.0,21.0,3.0,5.0,2020,3
2020-03-16,15.992129585218649,1.1176987374752283,7.2881025476983075,77.0,1.0,14.0,13.0,7.0,2020,3
2020-03-17,15.987773129325348,1.050925103311212,7.127209602012687,96.0,1.0,24.0,15.0,19.0,2020,3
2020-03-18,15.905422243993707,1.0006995258353328,6.743170638196031,162.0,1.0,39.0,31.0,18.0,2020,3
2020-03-19,15.702762700287517,1.0005021134312715,6.684873283311515,184.0,2.0,36.0,34.0,18.0,2020,3
2020-03-20,15.731734583130677,1.0002520693147523,6.678276703317455,155.0,0.0,52.0,23.0,27.0,2020,3
2020-03-21,15.097435131569672,1.0000477827501504,6.563463539728901,125.0,2.0,62.0,18.0,16.0,2020,3
2020-03-22,15.155463884047133,1.0,6.759417666328236,168.0,2.0,68.0,23.0,24.0,2020,3
2020-03-23,15.506191644418056,1.0,6.7802208781466575,290.0,3.0,101.0,46.0,30.0,2020,3
2020-03-24,15.158543736373923,1.0,6.555939859537491,350.0,2.0,119.0,59.0,61.0,2020,3
2020-03-25,14.986258390177579,1.0,6.505471719292853,367.0,5.0,124.0,51.0,33.0,2020,3
2020-03-26,14.932525947296007,1.0,6.471064912827539,413.0,2.0,132.0,65.0,53.0,2020,3
2020-03-27,14.918447889305234,1.0,6.454852316505589,404.0,8.0,154.0,43.0,49.0,2020,3
2020-03-28,14.43110457775402,1.0000246732438611,6.330183518847046,248.0,4.0,131.0,27.0,38.0,2020,3
2020-03-29,14.393868343416154,1.0,6.444059437849876,282.0,20.0,130.0,29.0,50.0,2020,3
2020-03-30,14.930599060101821,1.0000334941050375,6.574745394139607,439.0,12.0,158.0,54.0,59.0,2020,3
2020-03-31,14.878101476892985,1.0,6.487743180516793,490.0,16.0,161.0,57.0,69.0,2020,3
2020-04-01,14.644091580681375,1.0,6.347003555920717,461.0,24.0,181.0,57.0,91.0,2020,4
2020-04-02,14.726389127718846,1.0,6.414440592013425,437.0,15.0,170.0,59.0,58.0,2020,4
2020-04-03,14.803427999280842,1.0000244226191288,6.464695161081343,466.0,24.0,160.0,71.0,79.0,2020,4
2020-04-04,14.216314313597216,1.0,6.254135151871443,327.0,22.0,159.0,34.0,63.0,2020,4
2020-04-05,14.337963462921927,1.0,6.4331337997870754,292.0,26.0,147.0,31.0,42.0,2020,4
2020-04-06,14.825790074721024,1.0,6.584574499863307,583.0,22.0,200.0,78.0,94.0,2020,4
2020-04-07,14.719946662688315,1.0,6.433348091652746,556.0,25.0,194.0,83.0,80.0,2020,4
2020-04-08,14.589072073792716,1.0,6.321571308796419,705.0,36.0,172.0,86.0,129.0,2020,4
2020-04-09,14.652436876964536,1.0,6.403223366822218,574.0,25.0,150.0,83.0,74.0,2020,4
2020-04-10,14.72793457821812,1.0,6.420879839600543,571.0,32.0,155.0,80.0,85.0,2020,4
2020-04-11,14.243428392874115,1.0,6.267924907692728,397.0,33.0,142.0,53.0,54.0,2020,4
2020-04-12,14.35366026193912,1.0,6.475517402640383,341.0,33.0,136.0,32.0,46.0,2020,4
2020-04-13,14.874083741695891,1.0000316856963969,6.541947656662488,694.0,32.0,153.0,99.0,91.0,2020,4
2020-04-14,14.686283041197829,1.0,6.453141216669626,666.0,33.0,166.0,102.0,78.0,2020,4
2020-04-15,14.761171121609195,1.0000657163455269,6.411150911597992,631.0,31.0,149.0,92.0,86.0,2020,4
2020-04-16,14.907746031949413,1.000031112217323,6.548479158968132,678.0,31.0,152.0,118.0,94.0,2020,4
2020-04-17,15.113727485104985,1.0,6.596582473769987,775.0,43.0,148.0,129.0,118.0,2020,4
2020-04-18,14.61186904742926,1.0,6.529313279149211,535.0,39.0,161.0,89.0,81.0,2020,4
2020-04-19,14.671151507863131,1.0,6.628993292759208,459.0,35.0,158.0,66.0,75.0,2020,4
2020-04-20,15.040380680362434,1.0,6.6596457920419585,990.0,40.0,181.0,158.0,122.0,2020,4
2020-04-21,14.954305689007699,1.000067313045899,6.595401641286784,875.0,36.0,171.0,148.0,109.0,2020,4
2020-04-22,14.853425007125232,1.0,6.5293586076091605,1055.0,45.0,145.0,169.0,150.0,2020,4
2020-04-23,14.939775668753276,1.0,6.587569831945228,1467.0,36.0,167.0,193.0,245.0,2020,4
2020-04-24,15.083528511061369,1.0,6.613632216463661,1074.0,54.0,168.0,177.0,158.0,2020,4
2020-04-25,14.47474630513998,1.0000409990711716,6.346749510759604,638.0,38.0,118.0,122.0,67.0,2020,4
2020-04-26,14.653878873465535,1.0,6.589425165289992,433.0,51.0,129.0,83.0,57.0,2020,4
2020-04-27,15.07973709155363,1.0000260364206428,6.669810069084827,1157.0,35.0,169.0,234.0,125.0,2020,4
2020-04-28,15.056283406190119,1.0000221759772254,6.629989186030056,1323.0,56.0,174.0,247.0,156.0,2020,4
2020-04-29,14.943919781532927,1.0,6.426279721606464,1151.0,44.0,157.0,208.0,118.0,2020,4
2020-04-30,15.149735018540056,1.0000346451690658,6.641012620537733,1274.0,40.0,168.0,230.0,150.0,2020,4
2020-05-01,15.39094174113368,1.0000214244771548,6.700417155626448,1175.0,39.0,140.0,224.0,134.0,2020,5
2020-05-02,15.029839888279856,1.0,6.580463011947333,719.0,49.0,166.0,142.0,74.0,2020,5
2020-05-03,15.165724215476489,1.0,6.818630867589008,466.0,45.0,138.0,97.0,66.0,2020,5
2020-05-04,15.222418945967867,1.0000690215522443,6.730986035830148,1122.0,48.0,127.0,218.0,109.0,2020,5
2020-05-05,14.90881256415309,1.0,6.495236017207227,1090.0,58.0,156.0,206.0,125.0,2020,5
2020-05-06,15.134650454283026,1.0000553870926037,6.683913324687683,968.0,44.0,133.0,187.0,93.0,2020,5
2020-05-07,15.269184575947346,1.0,6.758557590507152,940.0,49.0,140.0,179.0,116.0,2020,5
2020-05-08,15.318380082866671,1.0,6.716606346833616,921.0,44.0,98.0,168.0,82.0,2020,5
2020-05-09,14.881324955768616,1.0,6.603516984912537,520.0,53.0,97.0,104.0,54.0,2020,5
2020-05-10,15.147955213872015,1.0,6.819509894694434,306.0,38.0,99.0,59.0,41.0,2020,5
2020-05-11,15.461239783239328,1.0,6.871660803185692,1017.0,38.0,128.0,206.0,118.0,2020,5
2020-05-12,15.230690038980606,1.0,6.697971438396911,942.0,46.0,124.0,177.0,92.0,2020,5
2020-05-13,15.305089084667886,1.0000355664456335,6.724889902316295,877.0,45.0,124.0,189.0,96.0,2020,5
2020-05-14,15.411677017364859,1.0,6.735696324531663,778.0,45.0,131.0,167.0,95.0,2020,5
2020-05-15,15.772598444873461,1.0,6.847103869385532,970.0,49.0,110.0,186.0,101.0,2020,5
2020-05-16,15.070666906019616,1.0,6.6994625039327245,514.0,28.0,102.0,106.0,59.0,2020,5
2020-05-17,15.246990999071226,1.0,6.738691566814679,326.0,41.0,97.0,53.0,44.0,2020,5
2020-05-18,15.603225816377845,1.0,6.902606718277769,944.0,33.0,113.0,235.0,83.0,2020,5
2020-05-19,15.38317278546552,1.0,6.737877977599212,888.0,27.0,98.0,211.0,85.0,2020,5
2020-05-20,15.534595861861751,1.000117243867244,6.853277247602647,771.0,29.0,94.0,210.0,72.0,2020,5
2020-05-21,15.80059295598789,1.0,6.948629372258883,799.0,34.0,108.0,174.0,78.0,2020,5
2020-05-22,16.030298699876457,1.0,7.0410645676630965,724.0,36.0,92.0,154.0,74.0,2020,5
2020-05-23,15.379733086203586,1.0,6.817898738470956,328.0,30.0,91.0,63.0,35.0,2020,5
2020-05-24,15.710674940515913,1.0,7.010211972300096,279.0,27.0,92.0,55.0,47.0,2020,5
2020-05-25,16.237086177481615,1.0,7.219222462716327,252.0,23.0,78.0,34.0,49.0,2020,5
2020-05-26,15.853204182387586,1.0,6.997689801791823,751.0,23.0,77.0,159.0,76.0,2020,5
2020-05-27,15.844374467144881,1.0,6.982086394868503,615.0,26.0,65.0,125.0,66.0,2020,5
2020-05-28,15.855592162218676,1.0,6.9504099965723265,523.0,22.0,70.0,111.0,61.0,2020,5
2020-05-29,16.041592232155526,1.0000187345580809,6.991297876113688,459.0,20.0,50.0,114.0,42.0,2020,5
2020-05-30,15.956452683588452,1.0,6.990518680952146,238.0,21.0,55.0,54.0,23.0,2020,5
2020-05-31,17.475644475267554,1.0,7.923385175380837,121.0,22.0,39.0,28.0,13.0,2020,5
2020-06-01,17.938176348776874,1.0,8.016968012550446,233.0,21.0,63.0,50.0,17.0,2020,6
2020-06-02,17.306648773189963,1.0,7.619441120425937,247.0,25.0,50.0,35.0,34.0,2020,6
2020-06-03,16.484354975022573,1.0,7.237986013547966,280.0,21.0,50.0,61.0,32.0,2020,6
2020-06-04,16.32101673934252,1.0000162001036808,7.002839621625612,319.0,15.0,31.0,91.0,26.0,2020,6
2020-06-05,16.411703016840708,1.000016404199475,6.965779416480531,337.0,17.0,42.0,75.0,30.0,2020,6
2020-06-06,17.104134434143308,1.0,6.845175030148895,170.0,20.0,38.0,33.0,20.0,2020,6
2020-06-07,16.182056666862778,1.0,7.040111074015154,110.0,20.0,31.0,29.0,8.0,2020,6
2020-06-08,16.37072319923708,1.0,7.0786403487465845,274.0,15.0,43.0,63.0,24.0,2020,6
2020-06-09,15.98942991402498,1.0,6.880961648929019,254.0,23.0,38.0,50.0,38.0,2020,6
2020-06-10,15.808207257561197,1.000026059186132,6.721397431485902,233.0,12.0,29.0,57.0,26.0,2020,6
2020-06-11,16.19322417974612,1.0000141465403247,6.819796404674537,201.0,10.0,28.0,62.0,19.0,2020,6
2020-06-12,16.427080950587598,1.0,6.771819989656671,248.0,21.0,24.0,61.0,21.0,2020,6
2020-06-13,15.718962641969224,1.0,6.51024761862498,120.0,18.0,23.0,25.0,14.0,2020,6
2020-06-14,16.104999572983893,1.0,6.932571931594155,92.0,12.0,27.0,22.0,6.0,2020,6
2020-06-15,16.49353313727049,1.0,7.176293948997616,235.0,20.0,31.0,57.0,25.0,2020,6
2020-06-16,16.116668688066646,1.0,6.948378469236296,210.0,11.0,24.0,58.0,21.0,2020,6
2020-06-17,15.997364006656385,1.0,6.7960675306791964,219.0,21.0,29.0,57.0,23.0,2020,6
2020-06-18,16.435686638175387,1.0000322947867846,6.919533593789643,184.0,14.0,29.0,43.0,9.0,2020,6
2020-06-19,16.645711572393925,1.0,6.816209157100393,220.0,15.0,37.0,69.0,16.0,2020,6
2020-06-20,15.796396870765292,1.0000121489027272,6.529487659089643,125.0,10.0,20.0,32.0,5.0,2020,6
2020-06-21,16.785325980140666,1.0,7.3143137385308465,48.0,11.0,16.0,16.0,2.0,2020,6
2020-06-22,16.770231627069272,1.0,7.192162284571048,218.0,9.0,32.0,60.0,19.0,2020,6
2020-06-23,16.42848400193866,1.0,6.987892589237897,234.0,8.0,26.0,72.0,17.0,2020,6
2020-06-24,16.5892043890404,1.0,6.856710118871786,245.0,9.0,25.0,77.0,11.0,2020,6
2020-06-25,16.650309893527446,1.0000505807212574,6.943434018634568,249.0,11.0,22.0,70.0,20.0,2020,6
2020-06-26,16.827060872668024,1.0000265044095886,6.518861304500779,219.0,13.0,29.0,60.0,17.0,2020,6
2020-06-27,16.266292591131773,1.0,6.350640962413476,131.0,5.0,13.0,42.0,10.0,2020,6
2020-06-28,16.794882340252787,1.0,6.804621005889912,110.0,5.0,27.0,36.0,9.0,2020,6
2020-06-29,16.856984324015908,1.0000154894671622,7.050681910484434,279.0,7.0,31.0,89.0,17.0,2020,6
2020-06-30,16.428367373031527,1.0000189566272368,6.895254892390679,265.0,3.0,26.0,92.0,15.0,2020,6
2020-07-01,16.804936682850894,1.0,7.003231011333402,266.0,13.0,22.0,98.0,25.0,2020,7
2020-07-02,17.244893013364276,1.0,7.078017263794223,256.0,6.0,25.0,80.0,22.0,2020,7
2020-07-03,16.875700644667912,1.0,6.886240959484566,174.0,5.0,29.0,52.0,16.0,2020,7
2020-07-04,16.395228859605925,1.0,6.753943584836392,63.0,5.0,14.0,16.0,7.0,2020,7
2020-07-05,17.530493610338823,1.0000384148963921,7.395452894744934,89.0,3.0,16.0,29.0,8.0,2020,7
2020-07-06,17.336003969054733,1.0000607827743078,7.371676338772256,283.0,5.0,31.0,80.0,21.0,2020,7
2020-07-07,16.66107097275419,1.0000242851272283,7.0390597904533365,341.0,4.0,25.0,107.0,19.0,2020,7
2020-07-08,16.26933864129622,1.0,6.7964327168369145,306.0,4.0,28.0,99.0,20.0,2020,7
2020-07-09,16.433895937164518,1.0,6.8449193890246605,288.0,8.0,29.0,93.0,23.0,2020,7
2020-07-10,16.695738007535525,1.0,6.692259032451855,345.0,6.0,29.0,120.0,18.0,2020,7
2020-07-11,15.899957081518732,1.0,6.42081910070948,154.0,2.0,19.0,68.0,12.0,2020,7
2020-07-12,16.412608945654984,1.0000147974603002,6.918667814126554,97.0,4.0,15.0,33.0,3.0,2020,7
2020-07-13,16.685219195931758,1.0,7.102017604253792,337.0,4.0,33.0,99.0,31.0,2020,7
2020-07-14,14.705846319677562,1.000035999677105,6.777372231824688,324.0,3.0,23.0,83.0,23.0,2020,7
2020-07-15,16.164203714156947,1.0000382015517113,6.630794281149965,268.0,7.0,23.0,84.0,18.0,2020,7
2020-07-16,16.472134089263047,1.0000149664750957,6.779842518440257,296.0,2.0,28.0,88.0,22.0,2020,7
2020-07-17,16.802750734746038,1.0000498651721823,6.6933345768661825,325.0,3.0,26.0,102.0,21.0,2020,7
2020-07-18,16.017242300160433,1.0,6.346172727711388,132.0,4.0,15.0,37.0,9.0,2020,7
2020-07-19,16.285853264888026,1.0000204817913152,6.8413668295524275,100.0,2.0,22.0,27.0,6.0,2020,7
2020-07-20,16.724585024587654,1.0,7.1075044587929765,394.0,5.0,25.0,95.0,36.0,2020,7
2020-07-21,16.081418830475013,1.0000927578234509,6.702459044521407,290.0,1.0,30.0,83.0,23.0,2020,7
2020-07-22,16.06929108231147,1.000013694877376,6.666010774132737,364.0,4.0,34.0,122.0,22.0,2020,7
2020-07-23,16.445150775004535,1.0000221855201854,6.834757163066226,319.0,3.0,29.0,101.0,17.0,2020,7
2020-07-24,16.683145444549645,1.0000656630365334,6.671497256945622,347.0,3.0,26.0,103.0,21.0,2020,7
2020-07-25,16.02552218796416,1.000009808302711,6.3770177349733785,156.0,8.0,21.0,34.0,7.0,2020,7
2020-07-26,16.399249837746858,1.0000829844829144,6.779688377926862,97.0,6.0,18.0,24.0,8.0,2020,7
2020-07-27,16.804708018101824,1.000041092972119,7.157272704675843,362.0,1.0,19.0,102.0,30.0,2020,7
2020-07-28,16.266330366978607,1.0001394456676904,6.792739468015361,332.0,3.0,17.0,87.0,19.0,2020,7
2020-07-29,16.118948477241545,1.000067273200922,6.654723445606612,447.0,3.0,19.0,131.0,28.0,2020,7
2020-07-30,16.429394483340893,1.0000542222496298,6.845967505462218,340.0,3.0,17.0,78.0,25.0,2020,7
2020-07-31,16.927116824462285,1.0001664109219923,6.718586814383715,392.0,2.0,24.0,112.0,31.0,2020,7
2020-08-01,19.194380196726282,1.0001078824716778,6.354483537318223,141.0,5.0,22.0,45.0,11.0,2020,8
2020-08-02,19.391898552837947,1.0,6.741327134776668,95.0,3.0,21.0,21.0,11.0,2020,8
2020-08-03,17.82593283089842,1.0000302180275202,7.085231454841175,428.0,3.0,30.0,128.0,24.0,2020,8
2020-08-04,16.671067941685152,1.000052898501266,6.728915717199363,369.0,2.0,32.0,105.0,33.0,2020,8
2020-08-05,16.665482528172916,1.000072335556193,6.756277572298572,378.0,4.0,20.0,115.0,32.0,2020,8
2020-08-06,17.069092510554405,1.0002875149310155,6.904208053148046,349.0,4.0,21.0,113.0,22.0,2020,8
2020-08-07,17.699275216498833,1.0001736798997405,6.679924331868122,417.0,2.0,25.0,108.0,35.0,2020,8
2020-08-08,17.45140092236142,1.0000279359862818,6.3717914107742954,177.0,3.0,16.0,56.0,14.0,2020,8
2020-08-09,18.43880476485053,1.0,6.835008002092426,115.0,2.0,17.0,41.0,9.0,2020,8
2020-08-10,20.16163125629644,1.0001236772555249,7.521906614916041,376.0,1.0,29.0,108.0,24.0,2020,8
2020-08-11,17.936517776836983,1.0000833344382871,7.0394284415808706,386.0,4.0,22.0,103.0,37.0,2020,8
2020-08-12,17.86177695168305,1.0003531373883865,6.911097849355817,433.0,2.0,28.0,117.0,29.0,2020,8
2020-08-13,17.969378530180887,1.0004775697023434,6.9773751920017935,391.0,4.0,24.0,118.0,24.0,2020,8
2020-08-14,18.20826103209094,1.0004651456757865,6.784167637991214,347.0,3.0,26.0,86.0,26.0,2020,8
2020-08-15,18.20105006432668,1.0000258245562623,6.4145857095295575,221.0,5.0,21.0,65.0,20.0,2020,8
2020-08-16,18.7107728656113,1.0000408657783442,7.0363695838132,120.0,3.0,18.0,40.0,10.0,2020,8
2020-08-17,17.55905101490011,1.0001750206965536,7.197115163907977,492.0,3.0,26.0,142.0,29.0,2020,8
2020-08-18,16.6251403983986,1.0001669722007809,6.821880533120321,411.0,1.0,25.0,130.0,22.0,2020,8
2020-08-19,16.497390919328982,1.0000270451620947,6.732548017569786,485.0,5.0,22.0,150.0,39.0,2020,8
2020-08-20,16.899994727463227,1.0005708481783444,6.876811502096832,422.0,3.0,24.0,120.0,33.0,2020,8
2020-08-21,17.06517516177724,1.0006238468265904,6.697523608779602,430.0,5.0,21.0,139.0,29.0,2020,8
2020-08-22,16.644895249063563,1.0001872823618716,6.38124384817892,191.0,2.0,17.0,59.0,16.0,2020,8
2020-08-23,17.450622274195695,1.000120851491586,6.912819300897058,130.0,1.0,26.0,43.0,12.0,2020,8
2020-08-24,17.00719061351268,1.000246977233156,7.1442152008462,554.0,3.0,24.0,134.0,31.0,2020,8
2020-08-25,16.33445074575746,1.0000150838801307,6.769451782853148,413.0,4.0,26.0,121.0,27.0,2020,8
2020-08-26,16.371565454911327,1.000016960059891,6.693812006835881,388.0,3.0,34.0,126.0,23.0,2020,8
2020-08-27,16.780226339152232,1.0,6.823469843221741,382.0,2.0,24.0,132.0,24.0,2020,8
2020-08-28,16.789140544396588,1.0,6.619259869416842,382.0,4.0,25.0,109.0,29.0,2020,8
2020-08-29,16.017504757525295,1.0,6.317786130981372,234.0,4.0,25.0,73.0,22.0,2020,8
2020-08-30,17.239483888928714,1.0,6.910608568504712,100.0,5.0,22.0,24.0,8.0,2020,8
2020-08-31,17.14037056367783,1.000015531084659,7.167587973107338,413.0,2.0,30.0,121.0,29.0,2020,8
2020-09-01,16.39871091986025,1.0,6.7154262581099085,330.0,3.0,17.0,97.0,32.0,2020,9
2020-09-02,16.38648370983945,1.0,6.729918920901265,406.0,3.0,21.0,127.0,25.0,2020,9
2020-09-03,17.467991335165348,1.0000144422604131,6.960724757397013,341.0,3.0,25.0,103.0,23.0,2020,9
2020-09-04,18.550070669303185,1.0003221815690806,6.98253577128176,395.0,2.0,23.0,102.0,33.0,2020,9
2020-09-05,17.2397702156443,1.0,6.493999012589593,203.0,3.0,23.0,61.0,17.0,2020,9
2020-09-06,17.403908751586098,1.0,6.4254821949313214,143.0,2.0,11.0,44.0,10.0,2020,9
2020-09-07,18.97494331592648,1.0,7.379883751262042,72.0,1.0,17.0,19.0,11.0,2020,9
2020-09-08,18.16556968912614,1.0000157659089297,7.02846776549487,369.0,1.0,21.0,120.0,23.0,2020,9
2020-09-09,16.709225848262125,1.0,6.874342890994228,400.0,5.0,21.0,132.0,37.0,2020,9
2020-09-10,16.94656591074158,1.0,6.7704234781541155,328.0,2.0,19.0,120.0,27.0,2020,9
2020-09-11,17.109852073141713,1.0,6.702940646045453,342.0,5.0,19.0,93.0,21.0,2020,9
2020-09-12,16.36424241969247,1.0,6.2542378063692246,136.0,0.0,11.0,31.0,11.0,2020,9
2020-09-13,18.404995744492346,1.0,6.89747858893938,123.0,3.0,26.0,37.0,9.0,2020,9
2020-09-14,17.618162568816402,1.0,7.263478897130724,430.0,3.0,19.0,108.0,27.0,2020,9
2020-09-15,16.93663706311506,1.0000130843241433,6.8192975763577355,352.0,1.0,21.0,100.0,26.0,2020,9
2020-09-16,17.75262325475931,1.0,6.83849044730573,365.0,4.0,32.0,120.0,25.0,2020,9
2020-09-17,17.57739534311991,1.000014951210217,6.959806639257027,392.0,0.0,25.0,122.0,30.0,2020,9
2020-09-18,18.07628624829177,1.0001205389406045,6.873895567663572,357.0,4.0,21.0,101.0,34.0,2020,9
2020-09-19,18.072177787572578,1.0,6.4218985143174585,170.0,2.0,19.0,49.0,16.0,2020,9
2020-09-20,18.980550133229954,1.0,7.105014329193895,108.0,6.0,17.0,31.0,5.0,2020,9
2020-09-21,18.032622259878455,1.0,7.336861530830053,420.0,2.0,26.0,123.0,34.0,2020,9
2020-09-22,16.975737070839866,1.0000141723356009,6.9238410839719915,351.0,2.0,27.0,108.0,20.0,2020,9
2020-09-23,17.121154195701777,1.000018306971295,6.874023637353028,391.0,6.0,25.0,118.0,27.0,2020,9
2020-09-24,17.742282533593364,1.000080573325407,7.063815688095072,408.0,5.0,21.0,122.0,28.0,2020,9
2020-09-25,18.8641778133728,1.0000492143254502,6.925067798164163,379.0,3.0,37.0,101.0,26.0,2020,9
2020-09-26,18.654513609025017,1.0000253616717951,6.462411795497401,233.0,4.0,19.0,66.0,11.0,2020,9
2020-09-27,19.32201778063952,1.0,7.00920217845249,167.0,1.0,30.0,52.0,11.0,2020,9
2020-09-28,18.169418420412047,1.0,7.261750207477823,419.0,2.0,28.0,101.0,39.0,2020,9
2020-09-29,16.966247722458586,1.0000329001732744,6.944844068068718,381.0,6.0,28.0,105.0,26.0,2020,9
2020-09-30,16.862069873815006,1.0,6.8811855058645035,462.0,2.0,22.0,140.0,35.0,2020,9
2020-10-01,17.103458940958213,1.0002976991546513,6.854303528848554,364.0,4.0,26.0,123.0,15.0,2020,10
2020-10-02,17.364590558683375,1.0001021099471756,6.740927346458714,414.0,4.0,27.0,107.0,23.0,2020,10
2020-10-03,17.676208154599916,1.000234793429497,6.1747761532067855,227.0,3.0,31.0,57.0,20.0,2020,10
2020-10-04,18.232133886913985,1.0002901068367729,6.887841743617744,152.0,5.0,22.0,34.0,13.0,2020,10
2020-10-05,17.226651820281166,1.0001987356141024,7.240421505334773,553.0,3.0,21.0,157.0,38.0,2020,10
2020-10-06,16.374914942983718,1.0,6.844187108834832,560.0,2.0,29.0,176.0,32.0,2020,10
2020-10-07,16.30547734502436,1.0,6.7441767490468,548.0,1.0,26.0,163.0,34.0,2020,10
2020-10-08,17.086434367483434,1.000149273328406,7.006591176497537,612.0,3.0,28.0,181.0,55.0,2020,10
2020-10-09,17.523694244087572,1.0,6.789389213121799,668.0,4.0,30.0,172.0,52.0,2020,10
2020-10-10,16.817528543572386,1.0,6.309205224428713,441.0,5.0,31.0,114.0,35.0,2020,10
2020-10-10,16.817528543572386,1.0,6.309205224428713,441.0,5.0,31.0,114.0,35.0,2020,10
2020-10-11,17.200860690633814,1.0,6.982061557694039,301.0,4.0,30.0,94.0,30.0,2020,10
2020-10-11,17.200860690633814,1.0,6.982061557694039,301.0,4.0,30.0,94.0,30.0,2020,10
2020-10-12,17.418349683279846,1.0,7.336251872937633,682.0,4.0,37.0,180.0,59.0,2020,10
2020-10-12,17.418349683279846,1.0,7.336251872937633,682.0,4.0,37.0,180.0,59.0,2020,10
2020-10-13,16.544967981658726,1.000070303301614,6.949819758141407,879.0,5.0,31.0,252.0,58.0,2020,10
2020-10-13,16.544967981658726,1.000070303301614,6.949819758141407,879.0,5.0,31.0,252.0,58.0,2020,10
2020-10-14,16.317412849857806,1.0000721075575965,6.813767273898772,850.0,3.0,28.0,246.0,62.0,2020,10
2020-10-14,16.317412849857806,1.0000721075575965,6.813767273898772,850.0,3.0,28.0,246.0,62.0,2020,10
2020-10-15,16.738338749117947,1.0,6.925524878503906,908.0,2.0,37.0,266.0,72.0,2020,10
2020-10-15,16.738338749117947,1.0,6.925524878503906,908.0,2.0,37.0,266.0,72.0,2020,10
2020-10-16,16.775873544126473,1.0000072829535829,6.725290653722276,954.0,3.0,40.0,243.0,73.0,2020,10
2020-10-16,16.775873544126473,1.0000072829535829,6.725290653722276,954.0,3.0,40.0,243.0,73.0,2020,10
2020-10-17,15.581376765667144,1.0000105681823246,6.211555185135175,547.0,5.0,44.0,139.0,45.0,2020,10
2020-10-17,15.581376765667144,1.0000105681823246,6.211555185135175,547.0,5.0,44.0,139.0,45.0,2020,10
2020-10-18,16.719824110221712,1.0,6.848347920924327,347.0,1.0,48.0,84.0,21.0,2020,10
2020-10-19,17.346450271738533,1.000013840136366,7.1949765226044455,1165.0,3.0,51.0,274.0,96.0,2020,10
2020-10-20,16.32649950282472,1.0000317049139424,6.712904819280753,1197.0,5.0,56.0,309.0,88.0,2020,10
2020-10-21,16.303620456624852,1.0000926377651058,6.70543145131164,1181.0,6.0,60.0,381.0,84.0,2020,10
2020-10-22,17.527957303593286,1.0003116647554695,6.76827000960143,1307.0,4.0,67.0,331.0,92.0,2020,10
2020-10-23,16.937327469477168,1.000308405838345,6.5879506170761735,1016.0,4.0,65.0,251.0,90.0,2020,10
2020-10-24,15.613988273342637,1.0004996813174118,6.2692394684252415,883.0,5.0,62.0,224.0,59.0,2020,10
2020-10-25,16.54559616315309,1.0002809792004776,7.021885730799776,526.0,10.0,43.0,139.0,39.0,2020,10
2020-10-26,17.196853980453852,1.0012482037574506,7.2072779646438,1541.0,8.0,78.0,404.0,117.0,2020,10
2020-10-27,16.286181502745595,1.001285770684732,6.738939777095865,1627.0,4.0,89.0,452.0,117.0,2020,10
2020-10-28,16.175863793060813,1.0008963816386691,6.691128227862951,1739.0,9.0,91.0,462.0,110.0,2020,10
2020-10-29,16.606027597673787,1.0000225737402046,6.834031565596168,1888.0,4.0,88.0,543.0,131.0,2020,10
2020-10-30,16.650727508765627,1.0,6.7830174745316425,1872.0,4.0,84.0,474.0,151.0,2020,10
2020-10-31,15.332212922249365,1.000050364517848,6.262305717146049,1068.0,10.0,82.0,272.0,86.0,2020,10
2020-10-1,17.103458940958213,1.0002976991546513,6.854303528848554,0.0,0.0,0.0,0.0,0.0,2020,10
2020-10-2,17.364590558683375,1.0001021099471756,6.740927346458714,0.0,0.0,0.0,0.0,0.0,2020,10
2020-10-3,17.676208154599916,1.000234793429497,6.1747761532067855,0.0,0.0,0.0,0.0,0.0,2020,10
2020-10-4,18.232133886913985,1.0002901068367729,6.887841743617744,0.0,0.0,0.0,0.0,0.0,2020,10
2020-10-5,17.226651820281166,1.0001987356141024,7.240421505334773,0.0,0.0,0.0,0.0,0.0,2020,10
2020-10-6,16.374914942983718,1.0,6.844187108834832,0.0,0.0,0.0,0.0,0.0,2020,10
2020-10-7,16.30547734502436,1.0,6.7441767490468,0.0,0.0,0.0,0.0,0.0,2020,10
2020-10-8,17.086434367483434,1.000149273328406,7.006591176497537,0.0,0.0,0.0,0.0,0.0,2020,10
2020-10-9,17.523694244087572,1.0,6.789389213121799,0.0,0.0,0.0,0.0,0.0,2020,10
2020-11-01,16.421035892937102,1.0000262858253002,7.075567144084449,734.0,6.0,74.0,184.0,53.0,2020,11
2020-11-02,16.71819878559536,1.0,7.3312919453618575,2323.0,15.0,109.0,556.0,186.0,2020,11
2020-11-03,15.903782555927325,1.0,6.682255294570478,2142.0,13.0,108.0,554.0,153.0,2020,11
2020-11-04,16.097785789831107,1.0,6.873431907963463,2513.0,8.0,96.0,707.0,173.0,2020,11
2020-11-05,16.278855118458992,1.0000427126133158,7.053756327443797,2638.0,6.0,115.0,764.0,186.0,2020,11
2020-11-06,16.346942087940587,1.0,6.936964420699518,2792.0,10.0,124.0,800.0,217.0,2020,11
2020-11-07,15.406838852168008,1.0000077571964272,6.346440319370554,1571.0,14.0,113.0,394.0,113.0,2020,11
2020-11-08,16.224388467704074,1.0,7.126368709003216,1105.0,11.0,109.0,269.0,87.0,2020,11
2020-11-09,16.737350610957552,1.0,7.333615087813226,3229.0,14.0,145.0,831.0,252.0,2020,11
2020-11-10,16.105432149876044,1.0,6.877870821529662,3353.0,14.0,141.0,817.0,287.0,2020,11
2020-11-11,15.910647148149199,1.0000220402002074,6.8023616953229915,2489.0,9.0,128.0,682.0,211.0,2020,11
2020-11-12,16.36073472950976,1.000012599952255,7.0087748536906185,2928.0,18.0,114.0,742.0,255.0,2020,11
2020-11-13,16.32044797193465,1.0,6.878485918580707,2693.0,19.0,121.0,649.0,244.0,2020,11
2020-11-14,15.233862693939846,1.0,6.4133661074225445,1400.0,16.0,104.0,320.0,126.0,2020,11
2020-11-15,16.042789403716107,1.0,7.032496388286037,834.0,13.0,124.0,191.0,84.0,2020,11
2020-11-16,16.742302334802375,1.0,7.334472830163247,2557.0,26.0,153.0,600.0,203.0,2020,11
2020-11-17,15.869997698086252,1.0,6.868052958992674,2464.0,21.0,145.0,587.0,227.0,2020,11
2020-11-18,15.914757371998679,1.0,6.930334176089248,2326.0,17.0,120.0,566.0,196.0,2020,11
2020-11-19,16.361152081193353,1.0,7.089829304811343,2168.0,17.0,119.0,526.0,187.0,2020,11
2020-11-20,16.592642618723787,1.0,7.151885131992312,2301.0,31.0,124.0,529.0,192.0,2020,11
2020-11-21,15.960159488153653,1.0,6.927604676436576,1263.0,18.0,99.0,294.0,115.0,2020,11
2020-11-22,16.521034740672974,1.0,7.465759031924295,779.0,15.0,101.0,199.0,76.0,2020,11
2020-11-23,16.399649229063982,1.0,7.255046573360745,2376.0,19.0,125.0,543.0,202.0,2020,11
2020-11-24,16.23304454545703,1.0000180375180376,7.1208750348764145,1925.0,17.0,122.0,444.0,163.0,2020,11
2020-11-25,16.444667606669796,1.000022210376688,7.224485375479013,1834.0,17.0,110.0,432.0,165.0,2020,11
2020-11-26,17.518760744881757,1.0,7.814478442674742,265.0,22.0,103.0,48.0,36.0,2020,11
2020-11-27,16.575700375811362,1.0,7.31242988382841,1255.0,23.0,136.0,257.0,138.0,2020,11
2020-11-28,15.83712592755146,1.0,7.167640715008414,1373.0,17.0,117.0,326.0,129.0,2020,11
2020-11-29,16.754263042488212,1.0,7.763543411218643,898.0,17.0,93.0,216.0,77.0,2020,11
2020-11-30,16.689763795492002,1.0,7.537863138346762,2389.0,23.0,123.0,557.0,199.0,2020,11
2020-12-01,15.96744490252108,1.0,7.1037179932548025,2187.0,36.0,128.0,511.0,201.0,2020,12
2020-12-02,15.792110202236486,1.0,6.996421803960407,2050.0,35.0,107.0,514.0,182.0,2020,12
2020-12-03,15.696227697858887,1.0,6.9651134984908305,2071.0,30.0,117.0,521.0,157.0,2020,12
2020-12-04,15.777373670571173,1.0,6.854572209815655,1856.0,32.0,103.0,409.0,158.0,2020,12
2020-12-05,14.89131811474339,1.0,6.4124718563216625,1204.0,13.0,84.0,270.0,118.0,2020,12
2020-12-06,15.650471711811216,1.0,6.983398380658964,708.0,27.0,91.0,160.0,72.0,2020,12
2020-12-07,16.0951978391784,1.0,7.204708396404323,2066.0,35.0,108.0,472.0,170.0,2020,12
2020-12-08,15.533246337746675,1.0,6.7548314795348094,2055.0,35.0,84.0,457.0,165.0,2020,12
2020-12-09,15.614343108589225,1.0,6.801513804010494,1754.0,28.0,113.0,431.0,178.0,2020,12
2020-12-10,15.950740114804535,1.0,6.987434481313688,1703.0,19.0,116.0,364.0,161.0,2020,12
2020-12-11,16.19061215143811,1.0,6.754037986904154,1669.0,28.0,110.0,380.0,136.0,2020,12
2020-12-12,15.738765776598592,1.0,6.388225009108244,915.0,21.0,79.0,215.0,90.0,2020,12
2020-12-13,16.205790995245838,1.0,7.02547009958471,609.0,23.0,72.0,129.0,59.0,2020,12
2020-12-14,16.170922969397648,1.0,7.177509706854168,1461.0,21.0,106.0,330.0,130.0,2020,12
2020-12-15,15.902974261345921,1.0,6.796087825134247,1615.0,22.0,87.0,364.0,156.0,2020,12
2020-12-16,15.642780877987828,1.0,6.789909099484311,1385.0,25.0,83.0,324.0,109.0,2020,12
2020-12-17,16.07750627364636,1.0,6.966808583780744,1348.0,24.0,90.0,327.0,123.0,2020,12
2020-12-18,16.547501027001267,1.0,6.991648864574539,1300.0,19.0,81.0,289.0,120.0,2020,12
2020-12-19,16.188700148626044,1.0,6.922892713496527,852.0,24.0,79.0,171.0,75.0,2020,12
2020-12-20,16.752419114366592,1.0,7.410545514128174,581.0,30.0,70.0,139.0,48.0,2020,12
2020-12-21,16.5178635937183,1.0,7.26588504723513,1464.0,26.0,92.0,300.0,115.0,2020,12
2020-12-22,16.50250360770151,1.0,7.197651668057951,1337.0,17.0,82.0,301.0,151.0,2020,12
2020-12-23,17.25978054588782,1.0,7.397538849323977,1222.0,21.0,95.0,289.0,118.0,2020,12
2020-12-24,17.07741974769197,1.0,7.439180185958597,620.0,21.0,49.0,128.0,66.0,2020,12
2020-12-25,18.5614838533282,1.0,8.226894698311309,160.0,20.0,68.0,33.0,21.0,2020,12
2020-12-26,16.933495889392006,1.0,7.590106634512058,956.0,19.0,81.0,235.0,89.0,2020,12
2020-12-27,18.292045697098967,1.0,8.129962788468328,613.0,24.0,91.0,139.0,70.0,2020,12
2020-12-28,17.056971411197146,1.0,7.621796498984578,1663.0,18.0,79.0,366.0,169.0,2020,12
2020-12-29,18.548818006924073,1.0000155273207123,7.286248450269286,1711.0,21.0,65.0,389.0,149.0,2020,12
2020-12-30,18.32338176979232,1.000015608333969,7.373234857143662,1446.0,23.0,61.0,370.0,138.0,2020,12
2020-12-31,17.778302171656392,1.000018195050946,7.154717879175325,971.0,22.0,71.0,251.0,79.0,2020,12
2021-01-01,22.580583663064804,1.0,6.98252502913896,266.0,20.0,74.0,60.0,19.0,2021,1
2021-01-02,17.875529380821174,1.0,7.3233779185035885,1114.0,21.0,63.0,277.0,86.0,2021,1
2021-01-03,19.2890344180948,1.0,7.886609778603798,660.0,20.0,68.0,183.0,62.0,2021,1
2021-01-04,18.052117017620297,1.000012765522876,7.676598126344222,1877.0,10.0,88.0,477.0,137.0,2021,1
2021-01-05,17.058731177582484,1.000014827995255,7.3846848180047475,1602.0,16.0,89.0,470.0,134.0,2021,1
2021-01-06,16.514834281024516,1.0,7.111138415824665,1459.0,13.0,66.0,417.0,107.0,2021,1
2021-01-07,16.58099316361375,1.0,7.1977411034636525,1383.0,17.0,88.0,366.0,148.0,2021,1
2021-01-08,16.205687062254984,1.000010879025239,6.927056560239683,1205.0,18.0,52.0,328.0,109.0,2021,1
2021-01-09,15.750481180756182,1.0,6.626031436490227,781.0,17.0,56.0,217.0,70.0,2021,1
2021-01-10,16.38592023534736,1.0,7.157627167321113,496.0,18.0,63.0,122.0,40.0,2021,1
2021-01-11,16.849948556459996,1.0,7.20699376438236,1356.0,16.0,85.0,334.0,104.0,2021,1
2021-01-12,16.09176100840729,1.0,6.885948937510783,1088.0,12.0,56.0,288.0,104.0,2021,1
2021-01-13,16.28430440543123,1.0,6.939768635215531,1112.0,18.0,64.0,275.0,95.0,2021,1
2021-01-14,17.10832393446671,1.0,7.014260030491498,1052.0,15.0,61.0,221.0,93.0,2021,1
2021-01-15,17.097274285958292,1.0000105059673894,7.004748953187676,1023.0,11.0,54.0,264.0,79.0,2021,1
2021-01-16,16.41993342732215,1.0,6.539659668826334,624.0,15.0,63.0,141.0,63.0,2021,1
2021-01-17,16.558437744909867,1.0,6.858006975154841,393.0,15.0,51.0,74.0,31.0,2021,1
2021-01-18,17.298990248722166,1.0000133035334184,7.227525594364978,715.0,14.0,66.0,143.0,82.0,2021,1
2021-01-19,17.105107140798204,1.0,6.976444952394734,1085.0,19.0,67.0,265.0,91.0,2021,1
2021-01-20,16.84268147211316,1.0,6.836138046738969,788.0,12.0,59.0,212.0,59.0,2021,1
2021-01-21,16.87492971966568,1.0,6.905432770858708,817.0,10.0,64.0,191.0,76.0,2021,1
2021-01-22,16.85438288949755,1.0,6.7369359619302775,737.0,12.0,51.0,172.0,61.0,2021,1
2021-01-23,15.77345594885834,1.0,6.263482649761268,588.0,9.0,53.0,120.0,53.0,2021,1
2021-01-24,16.79631313499095,1.0,6.882117914393678,339.0,16.0,47.0,82.0,30.0,2021,1
2021-01-25,16.976011854443882,1.0,7.04145611002613,858.0,11.0,66.0,198.0,97.0,2021,1
2021-01-26,17.499979213093212,1.0000128521488794,6.667256302627315,643.0,12.0,55.0,156.0,46.0,2021,1
2021-01-27,16.439458799148305,1.0000110775413062,6.7005948281002645,657.0,14.0,48.0,146.0,61.0,2021,1
2021-01-28,16.711926549376447,1.0000102779148168,6.7736600365021005,608.0,10.0,47.0,144.0,53.0,2021,1
2021-01-29,17.601632447023192,1.0000089375089376,6.598482059814828,593.0,16.0,44.0,142.0,57.0,2021,1
2021-01-30,18.34389785990569,1.000018351879452,6.006205280547117,419.0,12.0,35.0,84.0,44.0,2021,1
2021-01-31,26.313549520022825,1.0,6.450062290859188,171.0,16.0,38.0,37.0,18.0,2021,1
2021-02-01,21.61767051301961,1.0000126955108672,7.014865732084683,608.0,9.0,41.0,150.0,43.0,2021,2
2021-02-02,18.13779801429347,1.0000111946981909,6.5978778344181,647.0,6.0,47.0,159.0,64.0,2021,2
2021-02-03,17.663244943438546,1.00002331813237,6.643556234938747,572.0,7.0,40.0,143.0,65.0,2021,2
2021-02-04,18.82166564854488,1.0000116257440477,6.71420659986516,537.0,9.0,51.0,138.0,45.0,2021,2
2021-02-05,20.160313034110228,1.0000087535014004,6.558545562172388,403.0,8.0,48.0,101.0,36.0,2021,2
2021-02-06,18.70582459293116,1.0,6.020715290669137,263.0,13.0,29.0,53.0,26.0,2021,2
2021-02-07,20.329557820149912,1.0,6.437911851965951,212.0,8.0,40.0,48.0,14.0,2021,2
2021-02-08,21.588256695723327,1.0000162380726738,7.036939017903419,386.0,13.0,51.0,74.0,44.0,2021,2
2021-02-09,19.126529020502844,1.0,6.780294175624055,414.0,8.0,35.0,112.0,39.0,2021,2
2021-02-10,18.510551339690192,1.0000118573325745,6.715767656185126,367.0,11.0,50.0,101.0,28.0,2021,2
2021-02-11,20.494525954138428,1.0000121903647357,6.903210317898079,438.0,10.0,41.0,102.0,44.0,2021,2
2021-02-12,22.181899152047663,1.000022884804376,6.900183128744402,358.0,13.0,31.0,106.0,40.0,2021,2
2021-02-13,26.63378428532421,1.0000109511222928,6.363979291626567,222.0,8.0,28.0,61.0,20.0,2021,2
2021-02-14,22.27222752652457,1.0,6.422907768308124,143.0,9.0,23.0,38.0,4.0,2021,2
2021-02-15,31.35026266315019,1.0,7.570258622448682,258.0,7.0,24.0,63.0,21.0,2021,2
2021-02-16,31.35466570734631,1.0,8.210174108582576,213.0,5.0,34.0,65.0,17.0,2021,2
2021-02-17,21.623959627168627,1.000022546897547,6.8700596624204024,385.0,8.0,32.0,119.0,24.0,2021,2
2021-02-18,22.41907216965624,1.0000214334705075,7.008175642144018,315.0,6.0,36.0,98.0,25.0,2021,2
2021-02-19,20.795000798226077,1.0,6.756084449488188,319.0,7.0,32.0,83.0,13.0,2021,2
2021-02-20,19.240304845344358,1.0000081969867889,6.189414147298948,213.0,9.0,18.0,57.0,13.0,2021,2
2021-02-21,19.426742413627323,1.0,6.800834987283771,158.0,9.0,24.0,42.0,10.0,2021,2
2021-02-22,19.157979970156145,1.0000478118513785,7.121634666927662,389.0,8.0,28.0,90.0,32.0,2021,2
2021-02-23,17.899247899473067,1.0000120284834488,6.9202441390002205,313.0,12.0,18.0,90.0,25.0,2021,2
2021-02-24,18.628973507458547,1.0,6.925129803014972,338.0,4.0,36.0,79.0,29.0,2021,2
2021-02-25,18.402918539562798,1.000010777720297,7.158176490794281,282.0,8.0,22.0,69.0,26.0,2021,2
2021-02-26,19.087658831689218,1.000008760863471,6.892927961362058,358.0,6.0,21.0,98.0,32.0,2021,2
2021-02-27,19.46093254377392,1.0,6.415275764290527,177.0,7.0,17.0,39.0,14.0,2021,2
2021-02-28,18.88308176149129,1.0,7.047994109469972,149.0,3.0,19.0,34.0,19.0,2021,2
2021-03-01,18.8595207294882,1.0,7.338123679478959,312.0,2.0,26.0,81.0,34.0,2021,3
2021-03-02,17.885720351513093,1.0,7.021378388335594,328.0,7.0,31.0,103.0,25.0,2021,3
2021-03-03,18.14388351600678,1.0,6.970460478263185,336.0,5.0,24.0,90.0,25.0,2021,3
2021-03-04,19.365480244648293,1.000010738831615,7.181224767779334,287.0,8.0,27.0,81.0,23.0,2021,3
2021-03-05,19.48595007945204,1.0000087719298243,6.972924064897586,292.0,6.0,22.0,77.0,24.0,2021,3
2021-03-06,18.373747306665575,1.0,6.381903260221097,218.0,2.0,31.0,56.0,22.0,2021,3
2021-03-07,18.926706577673414,1.0,7.080807313231803,173.0,4.0,14.0,42.0,11.0,2021,3
2021-03-08,18.90414253647505,1.00001311922754,7.429967449344834,327.0,5.0,23.0,103.0,31.0,2021,3
2021-03-09,18.295036237095644,1.000027057788696,7.062561893573463,332.0,5.0,22.0,108.0,20.0,2021,3
2021-03-10,18.303660920163637,1.0000230771943652,7.069660361611106,337.0,10.0,18.0,101.0,21.0,2021,3
2021-03-11,19.216254371797053,1.000011158721657,7.270001030639642,355.0,1.0,28.0,107.0,27.0,2021,3
2021-03-12,19.74902796532202,1.0000281264728594,6.954657345669564,351.0,9.0,18.0,94.0,18.0,2021,3
2021-03-13,22.375975895514642,1.0,6.437461123049683,258.0,2.0,15.0,65.0,20.0,2021,3
2021-03-14,21.502378032500104,1.0000215349801034,7.289359177525361,181.0,4.0,18.0,53.0,14.0,2021,3
2021-03-15,22.841639390415267,1.000013069845253,7.623121753287921,368.0,6.0,33.0,108.0,34.0,2021,3
2021-03-16,22.289169017144033,1.0,7.528222146208887,451.0,3.0,29.0,131.0,23.0,2021,3
2021-03-17,24.24717371566191,1.0000247006765244,7.343470376677128,483.0,9.0,28.0,165.0,35.0,2021,3
2021-03-18,26.78803742332073,1.000013276302866,7.522747535080581,424.0,3.0,35.0,168.0,22.0,2021,3
2021-03-19,24.06600351001109,1.0000087023113342,7.2305011037009885,441.0,2.0,30.0,145.0,21.0,2021,3
2021-03-20,23.691814666159228,1.0,6.780945994251258,277.0,6.0,30.0,90.0,18.0,2021,3
2021-03-21,24.071474971537672,1.0,7.417552419274151,222.0,4.0,48.0,69.0,17.0,2021,3
2021-03-22,23.17246439673584,1.0000131606654032,7.817376364124838,547.0,1.0,30.0,166.0,33.0,2021,3
2021-03-23,22.745112396076607,1.0000124452409398,7.497133194171753,568.0,5.0,43.0,192.0,28.0,2021,3
2021-03-24,21.922823663609194,1.0000122772098543,7.462032190069146,684.0,6.0,32.0,250.0,33.0,2021,3
2021-03-25,23.522608416307982,1.0000116387337057,7.5272559297969925,674.0,3.0,35.0,243.0,35.0,2021,3
2021-03-26,23.978342886832586,1.0,7.263455385338784,600.0,6.0,38.0,216.0,34.0,2021,3
2021-03-27,24.140064659637126,1.0,6.754647848697259,412.0,4.0,34.0,108.0,34.0,2021,3
2021-03-28,23.225912378455128,1.0000126073559272,7.375227166752197,354.0,7.0,44.0,120.0,24.0,2021,3
2021-03-29,23.014598509621962,1.0,7.8232945298874235,728.0,3.0,43.0,237.0,47.0,2021,3
2021-03-30,22.054573158058638,1.0000131523569025,7.520764945364381,738.0,3.0,43.0,258.0,58.0,2021,3
2021-03-31,21.981554253157935,1.000014057579847,7.385428758146246,719.0,4.0,46.0,226.0,33.0,2021,3
2021-04-01,23.564792594350724,1.0,7.3395818625910305,721.0,2.0,44.0,236.0,41.0,2021,4
2021-04-02,23.764362294812962,1.0,7.077975013547242,676.0,3.0,56.0,202.0,39.0,2021,4
2021-04-03,23.45029410107845,1.0,6.751494370141858,471.0,9.0,47.0,130.0,28.0,2021,4
2021-04-04,26.15026117402384,1.0000142694063927,7.6705792175462415,308.0,5.0,40.0,70.0,16.0,2021,4
2021-04-05,22.827281691001293,1.0,7.833584171949796,946.0,6.0,50.0,235.0,46.0,2021,4
2021-04-06,20.786928905213138,1.0000114086753265,7.372745599179669,857.0,4.0,67.0,234.0,56.0,2021,4
2021-04-07,20.04232665220289,1.0,7.307237305208209,843.0,3.0,58.0,250.0,45.0,2021,4
2021-04-08,21.113924946168467,1.0,7.3466191542175805,860.0,6.0,65.0,243.0,52.0,2021,4
2021-04-09,22.69323533743612,1.0,7.312481594527397,770.0,5.0,60.0,221.0,52.0,2021,4
2021-04-10,21.914606808670964,1.0,6.426464822314546,557.0,8.0,52.0,150.0,28.0,2021,4
2021-04-11,24.00869453338225,1.0,7.3623924784962895,363.0,5.0,54.0,82.0,28.0,2021,4
2021-04-12,23.179105677643037,1.0000148491328107,7.9255287260638,864.0,5.0,59.0,204.0,60.0,2021,4
2021-04-13,21.782500821089773,1.0,7.366515302428928,678.0,4.0,51.0,200.0,30.0,2021,4
2021-04-14,20.56423224541097,1.0,7.340194776054474,772.0,9.0,49.0,215.0,37.0,2021,4
2021-04-15,22.50500901708116,1.0000270148042247,7.5692799165964875,640.0,9.0,64.0,160.0,37.0,2021,4
2021-04-16,26.01026389323978,1.0000088765800312,7.467609470208484,656.0,6.0,60.0,188.0,47.0,2021,4
2021-04-17,23.991671394059786,1.0000093651067778,6.722945398711013,438.0,6.0,63.0,98.0,24.0,2021,4
2021-04-18,24.05041185227877,1.0,7.5573169060143455,316.0,7.0,55.0,71.0,18.0,2021,4
2021-04-19,23.05542776921142,1.0,7.933353518103843,660.0,7.0,55.0,162.0,33.0,2021,4
2021-04-20,21.611143759508735,1.0,7.402270861867253,565.0,5.0,53.0,170.0,17.0,2021,4
2021-04-21,21.74689612573267,1.0,7.332714447141693,655.0,8.0,71.0,161.0,44.0,2021,4
2021-04-22,23.825813748064324,1.0,7.68442734473292,580.0,4.0,72.0,151.0,34.0,2021,4
2021-04-23,25.855725332763125,1.0,7.463247207960957,533.0,7.0,50.0,130.0,40.0,2021,4
2021-04-24,23.940220723663487,1.0,6.720324918991966,412.0,10.0,47.0,84.0,29.0,2021,4
2021-04-25,24.21506984081875,1.0,7.4523517676293185,275.0,11.0,52.0,70.0,21.0,2021,4
2021-04-26,22.375061603023163,1.0,7.836641045537982,651.0,6.0,62.0,154.0,31.0,2021,4
2021-04-27,22.683135116692924,1.0000314737173268,7.314230049796718,565.0,5.0,58.0,143.0,41.0,2021,4
2021-04-28,22.03427998850317,1.000012535102757,7.25825712204215,574.0,5.0,52.0,145.0,28.0,2021,4
2021-04-29,23.208297557531747,1.0,7.542527445977969,531.0,7.0,49.0,117.0,34.0,2021,4
2021-04-30,27.30576369881187,1.0,7.270699749117668,551.0,9.0,52.0,117.0,49.0,2021,4
2021-05-01,29.01991787379633,1.0,6.681140789384536,352.0,4.0,60.0,71.0,36.0,2021,5
2021-05-02,26.56988543112279,1.0,7.602932655720793,231.0,14.0,49.0,46.0,29.0,2021,5
2021-05-03,23.60466128945896,1.0000314819161356,7.859646149345259,553.0,6.0,64.0,113.0,44.0,2021,5
2021-05-04,20.932978093932203,1.0,7.3387537631466175,466.0,6.0,54.0,125.0,32.0,2021,5
2021-05-05,21.470046439205305,1.0,7.246283637840508,483.0,6.0,49.0,130.0,25.0,2021,5
2021-05-06,23.8504171049628,1.0000137513751377,7.444906283667104,402.0,9.0,56.0,101.0,39.0,2021,5
2021-05-07,26.758636858357768,1.000012676538246,7.443498983744234,365.0,11.0,38.0,91.0,17.0,2021,5
2021-05-08,28.337358213307336,1.0,6.866429442705082,271.0,8.0,44.0,74.0,14.0,2021,5
2021-05-09,27.105000086779146,1.0,7.842418808953732,167.0,9.0,50.0,28.0,15.0,2021,5
2021-05-10,22.886691961969127,1.0000134235395188,8.015796735818233,399.0,6.0,43.0,66.0,29.0,2021,5
2021-05-11,20.964620855524558,1.0,7.383239986061773,309.0,9.0,36.0,65.0,30.0,2021,5
2021-05-12,21.0381488710528,1.0000110874578676,7.370668156695743,342.0,6.0,35.0,74.0,20.0,2021,5
2021-05-13,24.376492190567035,1.0,7.611464756918068,315.0,8.0,44.0,69.0,31.0,2021,5
2021-05-14,27.397100193714305,1.0,7.480922244940202,290.0,6.0,34.0,69.0,26.0,2021,5
2021-05-15,26.108864951271585,1.0,6.727026165086364,177.0,7.0,44.0,38.0,12.0,2021,5
2021-05-16,26.904328502082397,1.0000322053424544,7.714600503157952,155.0,9.0,34.0,34.0,14.0,2021,5
2021-05-17,24.299241200369693,1.0000132191201354,8.077381473044282,347.0,7.0,51.0,84.0,33.0,2021,5
2021-05-18,22.40314425189659,1.000024654832347,7.533098490490451,286.0,5.0,33.0,61.0,19.0,2021,5
2021-05-19,21.569257656416326,1.0,7.3579361274054325,278.0,7.0,43.0,70.0,33.0,2021,5
2021-05-20,22.938250775901622,1.0,7.512649750943015,248.0,4.0,40.0,47.0,22.0,2021,5
2021-05-21,26.257426831430674,1.0001123753048569,7.384187659545923,246.0,6.0,30.0,49.0,18.0,2021,5
2021-05-22,28.308318475449962,1.0,6.8644116011146465,131.0,5.0,36.0,37.0,10.0,2021,5
2021-05-23,27.773158188299192,1.0,7.691945165028566,95.0,6.0,28.0,24.0,6.0,2021,5
2021-05-24,24.572131650787302,1.0,8.139894216810466,218.0,4.0,32.0,49.0,16.0,2021,5
2021-05-25,22.699394832156173,1.0000189905809451,7.639942773146693,128.0,3.0,25.0,30.0,14.0,2021,5
2021-05-26,23.30018520650198,1.000048264454475,7.517085852628312,171.0,6.0,32.0,44.0,11.0,2021,5
2021-05-27,24.99952083433928,1.0,7.641547837759711,122.0,6.0,19.0,32.0,15.0,2021,5
2021-05-28,27.272383692425443,1.0,7.217974461133994,139.0,4.0,22.0,33.0,8.0,2021,5
2021-05-29,25.33957166845016,1.0000074120856552,6.768666537381829,89.0,7.0,23.0,16.0,7.0,2021,5
2021-05-30,28.199064618249537,1.0,6.994613729999402,52.0,7.0,11.0,15.0,7.0,2021,5
2021-05-31,28.17564149847557,1.0,8.149894770888443,45.0,2.0,18.0,8.0,5.0,2021,5
2021-06-01,26.09416603750256,1.0,8.120553580440133,128.0,5.0,23.0,23.0,5.0,2021,6
2021-06-02,22.65500967610487,1.0000244356517594,7.675914966607267,100.0,7.0,17.0,27.0,8.0,2021,6
2021-06-03,24.20769535124053,1.000011606313835,7.637231614644612,96.0,7.0,16.0,20.0,6.0,2021,6
2021-06-04,26.84004339604419,1.0000143086080586,7.393086416750362,75.0,6.0,17.0,18.0,9.0,2021,6
2021-06-05,27.632196524522037,1.0,6.753627681952636,62.0,6.0,10.0,13.0,7.0,2021,6
2021-06-06,28.4974773554235,1.0,7.668690958518285,58.0,7.0,16.0,19.0,5.0,2021,6
2021-06-07,26.51579300116498,1.0000281551516663,8.219614205647886,102.0,9.0,16.0,20.0,10.0,2021,6
2021-06-08,24.08397820328784,1.0000130127003957,7.736364241635781,74.0,4.0,15.0,17.0,7.0,2021,6
2021-06-09,23.980806100667113,1.0001456772147397,7.565968954840666,64.0,4.0,8.0,14.0,4.0,2021,6
2021-06-10,26.75255421530714,1.0,7.6836865074863425,39.0,2.0,17.0,6.0,7.0,2021,6
2021-06-11,29.458866379737092,1.0000124750499002,7.432488434789046,39.0,2.0,14.0,12.0,3.0,2021,6
2021-06-12,30.202919625005563,1.0,6.813158122945832,46.0,5.0,9.0,13.0,1.0,2021,6
2021-06-13,32.58382500834191,1.000011991361968,7.847302001936782,28.0,5.0,5.0,3.0,2.0,2021,6
2021-06-14,28.182372160586773,1.0000158444926486,8.405124481879094,67.0,3.0,9.0,14.0,4.0,2021,6
2021-06-15,24.98540893823845,1.0000113503648047,7.817816072008277,52.0,3.0,4.0,8.0,2.0,2021,6
2021-06-16,24.41770053558649,1.0000124975005,7.673160655788199,36.0,1.0,5.0,10.0,1.0,2021,6
2021-06-17,26.99205784966145,1.0,7.7735729303367505,35.0,2.0,6.0,7.0,4.0,2021,6
2021-06-18,29.402614556640483,1.0000086017065786,7.362839789544405,35.0,2.0,10.0,10.0,2.0,2021,6
2021-06-19,29.935082429017573,1.0000072087658591,6.900680314484724,30.0,2.0,5.0,11.0,1.0,2021,6
2021-06-20,31.56030504992127,1.0,7.950736512594397,27.0,1.0,6.0,6.0,5.0,2021,6
2021-06-21,28.956633322325587,1.000032100012863,8.380616773177449,46.0,3.0,9.0,11.0,5.0,2021,6
2021-06-22,25.06015552437255,1.0,7.826159570475178,33.0,3.0,3.0,7.0,5.0,2021,6
2021-06-23,23.152381334835905,1.0,7.604533733232012,47.0,0.0,6.0,10.0,2.0,2021,6
2021-06-24,25.19543764615836,1.0,7.626641439615263,45.0,0.0,11.0,15.0,0.0,2021,6
2021-06-25,27.295905696674556,1.0000103033300365,7.306068517687033,35.0,3.0,4.0,6.0,4.0,2021,6
2021-06-26,27.55869703335929,1.0,6.511592072756397,20.0,0.0,4.0,4.0,2.0,2021,6
2021-06-27,29.597374443221387,1.0000118252087573,7.680946988110866,15.0,1.0,1.0,2.0,1.0,2021,6
2021-06-28,27.20008402818597,1.0,8.070257942060719,50.0,2.0,11.0,9.0,3.0,2021,6
2021-06-29,23.43719378037962,1.0,7.604803862262652,57.0,2.0,5.0,11.0,3.0,2021,6
2021-06-30,24.6127436516004,1.0000396587149365,7.678724625536907,51.0,0.0,6.0,12.0,3.0,2021,6
2021-07-01,25.748751024152927,1.0000212545226397,7.8103091164939675,32.0,2.0,7.0,11.0,2.0,2021,7
2021-07-02,26.88051235653339,1.0000089075488638,7.6454142531640255,55.0,1.0,6.0,11.0,7.0,2021,7
2021-07-03,25.88054045047676,1.0000171712970396,6.939420300292207,48.0,0.0,6.0,12.0,1.0,2021,7
2021-07-04,29.143071001098342,1.0,7.024987744906169,18.0,1.0,5.0,2.0,0.0,2021,7
2021-07-05,29.461441552672216,1.0000122549019608,8.073115864032259,58.0,2.0,7.0,15.0,3.0,2021,7
2021-07-06,27.475589665269432,1.0000132950436076,8.109610565117594,75.0,2.0,7.0,17.0,6.0,2021,7
2021-07-07,24.58483130849278,1.0,7.643896344689543,73.0,2.0,7.0,18.0,3.0,2021,7
2021-07-08,26.08309526494885,1.0,7.680406759434301,76.0,0.0,5.0,30.0,3.0,2021,7
2021-07-09,28.549288098151358,1.0,7.4833509143932275,84.0,1.0,8.0,20.0,5.0,2021,7
2021-07-10,27.575037479823088,1.0,6.650176463487008,49.0,0.0,7.0,12.0,1.0,2021,7
2021-07-11,30.01694759282894,1.0,7.554561744292925,69.0,2.0,7.0,13.0,1.0,2021,7
2021-07-12,25.93159414755025,1.000013278096452,8.259667062360139,103.0,0.0,9.0,33.0,6.0,2021,7
2021-07-13,23.89878686291944,1.0,7.855726878367943,103.0,2.0,12.0,22.0,6.0,2021,7
2021-07-14,24.473432794461235,1.0,7.65978288660611,141.0,2.0,8.0,44.0,9.0,2021,7
2021-07-15,27.732199515960698,1.0,7.781730352527929,132.0,0.0,7.0,45.0,8.0,2021,7
2021-07-16,28.090336665999533,1.0,7.479393479760255,155.0,1.0,10.0,42.0,6.0,2021,7
2021-07-17,28.58828293778637,1.0,6.795460143522058,121.0,0.0,8.0,36.0,2.0,2021,7
2021-07-18,32.00113237296668,1.0,7.806393678416432,92.0,0.0,7.0,27.0,7.0,2021,7
2021-07-19,28.454536725290996,1.0,8.441331728068352,203.0,1.0,17.0,65.0,4.0,2021,7
2021-07-20,27.289889269648427,1.0,7.894256586706171,187.0,3.0,13.0,46.0,7.0,2021,7
2021-07-21,25.308803683399766,1.0,7.766093175385954,217.0,0.0,11.0,60.0,9.0,2021,7
2021-07-22,26.20571863466391,1.000011599851522,7.809300596981561,224.0,1.0,14.0,65.0,12.0,2021,7
2021-07-23,27.864379313136443,1.0,7.526601747020125,243.0,3.0,18.0,60.0,14.0,2021,7
2021-07-24,27.81717821328873,1.0,6.711748027092768,196.0,0.0,15.0,54.0,14.0,2021,7
2021-07-25,31.68838976567966,1.0,7.711700578868347,141.0,3.0,13.0,43.0,6.0,2021,7
2021-07-26,27.583265726025505,1.0,8.225156427440027,327.0,2.0,25.0,91.0,19.0,2021,7
2021-07-27,25.721100780201287,1.0000132191201354,7.855697777245682,301.0,1.0,19.0,85.0,12.0,2021,7
2021-07-28,27.503408571573765,1.0000291555060643,7.671614260870135,348.0,3.0,28.0,107.0,11.0,2021,7
2021-07-29,30.36000197383977,1.0,7.739071664507548,325.0,1.0,17.0,89.0,12.0,2021,7
2021-07-30,30.32653559065989,1.0000081731397934,7.3423738277121195,356.0,2.0,17.0,112.0,15.0,2021,7
2021-07-31,26.53146678216571,1.0,6.846596725171035,270.0,5.0,29.0,73.0,19.0,2021,7
2021-08-01,30.411552145423578,1.0,7.657732747560148,216.0,3.0,18.0,54.0,22.0,2021,8
2021-08-02,32.338481231641914,1.0,8.493039960300068,474.0,3.0,24.0,138.0,27.0,2021,8
2021-08-03,25.64305055369159,1.0,7.988118118465674,443.0,1.0,13.0,140.0,34.0,2021,8
2021-08-04,25.079470834740597,1.0000126033474492,7.8570203663080385,499.0,3.0,32.0,142.0,22.0,2021,8
2021-08-05,26.348241424739665,1.0,7.797541199204897,479.0,2.0,31.0,149.0,21.0,2021,8
2021-08-06,30.23826566074653,1.0000082280147446,7.475597099063513,466.0,5.0,27.0,136.0,26.0,2021,8
2021-08-07,30.525539211340927,1.0,6.700471167719608,318.0,2.0,29.0,79.0,21.0,2021,8
2021-08-08,30.201463502450718,1.0,7.463968264085622,273.0,2.0,30.0,77.0,15.0,2021,8
2021-08-09,27.371546078490354,1.0,8.026879847676714,505.0,4.0,34.0,141.0,27.0,2021,8
2021-08-10,27.412762271592058,1.0,8.081807681414869,535.0,4.0,41.0,157.0,27.0,2021,8
2021-08-11,26.089024268255898,1.0,7.9034126182948645,600.0,2.0,21.0,154.0,29.0,2021,8
2021-08-12,27.756648224629306,1.0000160999484802,7.9541407798957,594.0,2.0,30.0,175.0,26.0,2021,8
2021-08-13,28.05728295592211,1.0000121395794868,7.558534618823714,624.0,3.0,37.0,171.0,39.0,2021,8
2021-08-14,29.488282247086204,1.0,6.810358571089973,407.0,6.0,46.0,102.0,29.0,2021,8
2021-08-15,31.932446673582106,1.0,7.702011277307494,290.0,5.0,31.0,63.0,20.0,2021,8
2021-08-16,27.722962045037818,1.0,8.349480800757219,589.0,3.0,26.0,148.0,46.0,2021,8
2021-08-17,23.214802035249704,1.0000133547008547,7.816354098981618,559.0,3.0,38.0,156.0,36.0,2021,8
2021-08-18,23.41972197750361,1.0000154206760423,7.788432157598933,555.0,3.0,27.0,152.0,39.0,2021,8
2021-08-19,25.36795355112676,1.0,7.768328240688302,547.0,5.0,32.0,134.0,26.0,2021,8
2021-08-20,28.842483998175073,1.0000097034621953,7.43749892679438,565.0,3.0,31.0,144.0,36.0,2021,8
2021-08-21,30.002203831153,1.0,6.723696737616379,373.0,1.0,49.0,91.0,24.0,2021,8
2021-08-22,32.164851588468,1.0,7.729800556024668,284.0,7.0,33.0,65.0,16.0,2021,8
2021-08-23,29.539726448351146,1.0000139353400224,8.427928496268736,645.0,2.0,53.0,141.0,54.0,2021,8
2021-08-24,25.001251256754035,1.0000120633082417,7.509685676234156,568.0,3.0,37.0,158.0,27.0,2021,8
2021-08-25,27.84340226846749,1.0,7.901329504507252,606.0,6.0,42.0,151.0,32.0,2021,8
2021-08-26,28.36557062017641,1.0,7.86105971797365,593.0,3.0,44.0,137.0,39.0,2021,8
2021-08-27,27.870853162063536,1.0,7.293974199703594,542.0,3.0,37.0,151.0,38.0,2021,8
2021-08-28,25.016980323762713,1.0,6.565528617620468,361.0,3.0,27.0,92.0,25.0,2021,8
2021-08-29,29.056693905888537,1.0,7.473197191184941,308.0,2.0,25.0,72.0,13.0,2021,8
2021-08-30,28.598071208567596,1.0000459548650165,8.123032295790741,595.0,5.0,41.0,123.0,32.0,2021,8
2021-08-31,24.172159186008162,1.0000130328517491,7.577125759409107,530.0,7.0,45.0,122.0,32.0,2021,8
2021-09-01,24.06943028074959,1.000043042778063,7.555264522560606,539.0,5.0,30.0,146.0,38.0,2021,9
2021-09-02,26.115107281840032,1.0000157351460222,7.806989709956773,497.0,6.0,40.0,139.0,23.0,2021,9
2021-09-03,27.73517436757836,1.0,7.6019688132184555,511.0,6.0,45.0,129.0,24.0,2021,9
2021-09-04,23.58365597003332,1.0,6.8923586837032165,345.0,5.0,34.0,71.0,34.0,2021,9
2021-09-05,27.35407694972632,1.0,6.9198356737339966,320.0,4.0,30.0,70.0,14.0,2021,9
2021-09-06,30.855051787607593,1.0,8.238831936256167,282.0,4.0,26.0,68.0,21.0,2021,9
2021-09-07,28.78502053416389,1.0000136165577342,8.326994126018652,577.0,3.0,47.0,133.0,41.0,2021,9
2021-09-08,24.02141537471729,1.0,7.824292390116298,661.0,7.0,46.0,180.0,43.0,2021,9
2021-09-09,24.364844214802915,1.0,7.677330088859707,519.0,4.0,39.0,142.0,33.0,2021,9
2021-09-10,24.072005306937648,1.0,7.346877281342429,516.0,5.0,27.0,147.0,34.0,2021,9
2021-09-11,21.5665364362505,1.0,6.569599184229977,322.0,6.0,31.0,71.0,16.0,2021,9
2021-09-12,24.621604345668363,1.0,7.568468179824335,267.0,5.0,34.0,62.0,19.0,2021,9
2021-09-13,24.658032423136344,1.0,8.117082118372593,553.0,7.0,41.0,127.0,35.0,2021,9
2021-09-14,22.030981069586336,1.0000158308004052,7.465673620318536,496.0,5.0,38.0,110.0,26.0,2021,9
2021-09-15,23.432636445943643,1.0,7.541587614343622,521.0,4.0,16.0,125.0,38.0,2021,9
2021-09-16,29.299409872168546,1.0,7.795483592859756,475.0,7.0,33.0,115.0,24.0,2021,9
2021-09-17,32.36315739437656,1.0,7.424173938561278,441.0,5.0,38.0,92.0,30.0,2021,9
2021-09-18,26.320958777186203,1.0,6.788599413081047,309.0,4.0,26.0,61.0,23.0,2021,9
2021-09-19,30.668434871817922,1.0,7.640665986908668,244.0,2.0,32.0,50.0,16.0,2021,9
2021-09-20,26.284726695478398,1.0000357467840184,8.317496835074982,486.0,5.0,32.0,118.0,39.0,2021,9
2021-09-21,22.49349463655034,1.000045184563137,7.54680374192642,469.0,6.0,33.0,98.0,30.0,2021,9
2021-09-22,22.0585164511551,1.0000210850680311,7.3436788246500875,405.0,7.0,24.0,88.0,25.0,2021,9
2021-09-23,23.642467807808426,1.000030106623789,7.550133470663379,369.0,5.0,32.0,86.0,29.0,2021,9
2021-09-24,27.444067906819573,1.0000354811703425,7.333134836246746,355.0,7.0,23.0,89.0,24.0,2021,9
2021-09-25,28.343857841801682,1.000020318173176,6.551057889613394,228.0,2.0,26.0,51.0,22.0,2021,9
2021-09-26,27.91166810187887,1.000030520400344,7.732495777260108,204.0,9.0,23.0,45.0,10.0,2021,9
2021-09-27,24.16672945894365,1.0001037354933622,8.134671159791232,472.0,6.0,37.0,99.0,40.0,2021,9
2021-09-28,21.340894159625897,1.0,7.475709033198839,383.0,4.0,21.0,84.0,31.0,2021,9
2021-09-29,21.11457165468884,1.0000091614193278,7.360002473496118,414.0,3.0,26.0,87.0,25.0,2021,9
2021-09-30,22.491269730422243,1.0,7.520501307483232,463.0,7.0,28.0,105.0,29.0,2021,9
2021-10-01,23.853989249367803,1.0,7.29672282758634,387.0,4.0,31.0,95.0,26.0,2021,10
2021-10-02,21.59622026678437,1.0,6.436120592765909,237.0,4.0,24.0,39.0,19.0,2021,10
2021-10-03,26.088793531491408,1.0,7.456492216777621,206.0,4.0,27.0,40.0,20.0,2021,10
2021-10-04,23.68642843077292,1.0,7.9182090213565255,430.0,3.0,23.0,84.0,33.0,2021,10
2021-10-05,21.014181974454306,1.0000106401089548,7.323801338083332,386.0,3.0,21.0,85.0,21.0,2021,10
2021-10-06,21.500489234863164,1.000009707983846,7.278346083145717,376.0,5.0,31.0,87.0,29.0,2021,10
2021-10-07,23.529160396702682,1.0000187020002609,7.4242271215757505,383.0,4.0,18.0,86.0,30.0,2021,10
2021-10-08,26.756640322244767,1.0,7.396529152772504,311.0,7.0,24.0,78.0,25.0,2021,10
2021-10-09,23.00731732533591,1.0,6.6905320548987195,238.0,4.0,22.0,52.0,16.0,2021,10
2021-10-10,25.559408847662862,1.0,7.557091969086962,173.0,6.0,25.0,38.0,15.0,2021,10
2021-10-11,27.57031006497273,1.0,8.255926393619477,321.0,4.0,20.0,65.0,21.0,2021,10
2021-10-12,23.991180925216497,1.0000110639051158,7.973283711860233,378.0,6.0,23.0,78.0,21.0,2021,10
2021-10-13,22.347432576646558,1.0000119331663948,7.514402756372345,361.0,4.0,25.0,86.0,30.0,2021,10
2021-10-14,22.92611275389943,1.0,7.537740632553874,361.0,1.0,35.0,79.0,28.0,2021,10
2021-10-15,23.99835680781372,1.0,7.261768533797682,316.0,1.0,20.0,59.0,27.0,2021,10
2021-10-16,23.51404910300875,1.0,6.4929510567757776,177.0,4.0,24.0,39.0,19.0,2021,10
2021-10-17,27.748247692349185,1.0,7.575147854349677,200.0,10.0,11.0,42.0,12.0,2021,10
2021-10-18,24.42932189972802,1.0000208046115553,8.094836979365338,356.0,1.0,25.0,64.0,23.0,2021,10
2021-10-19,21.93901389120461,1.0000227935813275,7.472713244941907,322.0,2.0,21.0,61.0,29.0,2021,10
2021-10-20,21.734461110958403,1.0000137877785131,7.480753775452661,323.0,5.0,13.0,87.0,28.0,2021,10
2021-10-21,23.260353466354214,1.0000214555441127,7.547864226596283,340.0,5.0,23.0,70.0,19.0,2021,10
2021-10-22,24.365637561378428,1.000021001344086,7.390306894363634,306.0,5.0,16.0,51.0,23.0,2021,10
2021-10-23,22.45008444049222,1.0,6.548425791661856,222.0,2.0,18.0,40.0,21.0,2021,10
2021-10-24,25.60564805672333,1.0,7.058105885872736,204.0,4.0,7.0,41.0,12.0,2021,10
2021-10-25,25.668567399081184,1.0,7.807643124506142,363.0,3.0,33.0,78.0,26.0,2021,10
2021-10-26,21.83477029910782,1.0000224497126438,7.533995064125311,345.0,3.0,18.0,63.0,24.0,2021,10
2021-10-27,21.91075356481298,1.0,7.322112873693894,386.0,3.0,25.0,80.0,28.0,2021,10
2021-10-28,23.910981484252016,1.0,7.148474982638508,400.0,6.0,26.0,77.0,27.0,2021,10
2021-10-29,24.01573017835258,1.0,6.718977833447528,370.0,2.0,18.0,65.0,29.0,2021,10
2021-10-30,23.11043892469738,1.0,6.259500330513611,280.0,2.0,16.0,60.0,21.0,2021,10
2021-10-31,26.1143895867806,1.0,7.120688117357606,240.0,1.0,23.0,37.0,22.0,2021,10
2021-11-01,25.20293668174709,1.0,7.980929723965808,440.0,3.0,34.0,66.0,37.0,2021,11
2021-11-02,21.96055205769301,1.0000245098039215,7.479010142799481,489.0,4.0,27.0,94.0,30.0,2021,11
2021-11-03,21.525404553013527,1.0000079734228515,7.290687254057343,521.0,8.0,34.0,98.0,32.0,2021,11
2021-11-04,22.598497370298816,1.0000097034621953,7.43897678076344,498.0,1.0,27.0,100.0,28.0,2021,11
2021-11-05,22.612891547076988,1.0000196161960362,7.154651570803022,477.0,3.0,29.0,104.0,22.0,2021,11
2021-11-06,19.807633091753164,1.0,6.419889449846322,316.0,4.0,18.0,62.0,22.0,2021,11
2021-11-07,22.63428132732899,1.0,7.550226547489648,306.0,5.0,20.0,79.0,12.0,2021,11
2021-11-08,22.503297791166137,1.0,8.062903294469868,607.0,5.0,27.0,119.0,26.0,2021,11
2021-11-09,20.35633529707121,1.0,7.366350211118344,653.0,5.0,28.0,129.0,42.0,2021,11
2021-11-10,21.074391236577746,1.0,7.43607469919932,592.0,2.0,31.0,132.0,39.0,2021,11
2021-11-11,20.79012108439162,1.0,7.245891672784455,526.0,3.0,28.0,119.0,31.0,2021,11
2021-11-12,22.00257950269595,1.0,6.895067657845867,620.0,6.0,35.0,104.0,45.0,2021,11
2021-11-13,19.332656500015812,1.0,6.141189297550457,387.0,7.0,30.0,74.0,31.0,2021,11
2021-11-14,21.97587731878005,1.0,7.224049830049252,383.0,4.0,39.0,82.0,25.0,2021,11
2021-11-15,22.484987483494898,1.0,7.736613753943312,692.0,5.0,36.0,122.0,35.0,2021,11
2021-11-16,20.767724403805147,1.0000104690117253,7.341379305144598,739.0,6.0,42.0,138.0,38.0,2021,11
2021-11-17,20.981193332723965,1.0,7.260293658089238,737.0,2.0,43.0,157.0,40.0,2021,11
2021-11-18,22.455111364610552,1.0000098131574815,7.238048103381279,636.0,9.0,38.0,122.0,31.0,2021,11
2021-11-19,24.928053938978127,1.000008041592669,7.1506518153336245,685.0,1.0,40.0,120.0,48.0,2021,11
2021-11-20,24.16699514069601,1.0,6.7082204248997686,466.0,3.0,43.0,87.0,35.0,2021,11
2021-11-21,24.16904967790898,1.0,7.253884692358754,376.0,3.0,29.0,91.0,30.0,2021,11
2021-11-22,22.39036315268599,1.0,7.607063800097767,786.0,3.0,45.0,151.0,53.0,2021,11
2021-11-23,24.339298372271074,1.0,7.791255672558282,724.0,4.0,39.0,165.0,44.0,2021,11
2021-11-24,23.928155580596943,1.0,7.846954859351537,675.0,6.0,54.0,148.0,54.0,2021,11
2021-11-25,27.98194346685258,1.0,8.323817574104693,190.0,3.0,44.0,42.0,15.0,2021,11
2021-11-26,21.9885728333712,1.0,7.252796833464125,521.0,13.0,48.0,123.0,46.0,2021,11
2021-11-27,22.926765178389214,1.0,7.160762962915865,556.0,4.0,32.0,117.0,40.0,2021,11
2021-11-28,26.64735154149032,1.0,7.934423144652962,495.0,3.0,61.0,104.0,39.0,2021,11
2021-11-29,23.72229610378745,1.0,8.21451276325489,1470.0,7.0,79.0,285.0,98.0,2021,11
2021-11-30,21.603401365264023,1.000018195050946,7.502163481536534,1181.0,2.0,52.0,255.0,75.0,2021,11
2021-12-01,21.396197040413085,1.0000407791806258,7.2777248909025065,1219.0,6.0,64.0,296.0,73.0,2021,12
2021-12-02,22.663705941129578,1.0000396126015896,7.38356454076616,1065.0,8.0,66.0,250.0,70.0,2021,12
2021-12-03,22.39347320635188,1.0,6.943064940314464,918.0,8.0,71.0,190.0,79.0,2021,12
2021-12-04,19.671118908344184,1.0,6.1161438142056985,617.0,4.0,81.0,152.0,37.0,2021,12
2021-12-05,22.229012212611398,1.0,6.85629541714701,515.0,8.0,63.0,98.0,47.0,2021,12
2021-12-06,22.64349278531357,1.0000079353099152,7.503662081794357,1215.0,6.0,79.0,234.0,77.0,2021,12
2021-12-07,21.582683121271586,1.0000094098163204,7.055775662017702,1164.0,11.0,73.0,255.0,78.0,2021,12
2021-12-08,20.969255192644752,1.0,7.109991071992674,1291.0,10.0,63.0,307.0,59.0,2021,12
2021-12-09,22.593290190849306,1.0,7.269850367303424,1304.0,8.0,77.0,324.0,60.0,2021,12
2021-12-10,25.11332893922864,1.000005689058802,6.924507600644707,1210.0,15.0,73.0,261.0,83.0,2021,12
2021-12-11,22.090098014555448,1.0,6.406392107096221,882.0,11.0,75.0,218.0,63.0,2021,12
2021-12-12,22.58476207712055,1.0,7.075863243767222,830.0,13.0,65.0,241.0,41.0,2021,12
2021-12-13,21.683007426507345,1.0,7.686263794722447,2164.0,11.0,98.0,538.0,120.0,2021,12
2021-12-14,20.90383574179543,1.0,7.268366670667341,2751.0,14.0,99.0,850.0,132.0,2021,12
2021-12-15,22.31437001361321,1.0000163655407177,7.328441868284204,3508.0,9.0,106.0,1151.0,124.0,2021,12
2021-12-16,23.64197637871509,1.000017818997295,7.336836746523655,3825.0,9.0,123.0,1227.0,142.0,2021,12
2021-12-17,23.692415151334,1.0,7.0753191924468055,3456.0,8.0,121.0,1052.0,165.0,2021,12
2021-12-18,22.237194566743867,1.0,6.659901929390668,2596.0,8.0,115.0,775.0,118.0,2021,12
2021-12-19,22.568784304945012,1.0,7.196294541150196,2445.0,12.0,116.0,743.0,101.0,2021,12
2021-12-20,23.266800346284228,1.0000092305420174,7.672372547377448,5485.0,13.0,135.0,1569.0,274.0,2021,12
2021-12-21,21.911439106152798,1.0,7.644693683845374,6574.0,9.0,198.0,1964.0,352.0,2021,12
2021-12-22,21.168847827838537,1.0,7.477132260457022,7087.0,18.0,154.0,2148.0,399.0,2021,12
2021-12-23,21.681828184196558,1.0,7.702014230122054,6823.0,16.0,146.0,1904.0,412.0,2021,12
2021-12-24,24.1324502901265,1.0,8.118110615067812,3768.0,16.0,188.0,919.0,234.0,2021,12
2021-12-25,26.173240289809197,1.0,8.86410075343425,1406.0,20.0,170.0,323.0,102.0,2021,12
2021-12-26,25.00803286128711,1.0,8.080940225608536,4329.0,11.0,207.0,1154.0,261.0,2021,12
2021-12-27,22.53614847271884,1.0,7.765329571225191,9177.0,17.0,248.0,2154.0,686.0,2021,12
2021-12-28,21.31018640981189,1.0,7.414920777046032,10279.0,14.0,226.0,2216.0,614.0,2021,12
2021-12-29,21.090634679682086,1.0,7.392571415350005,9218.0,11.0,247.0,2087.0,676.0,2021,12
2021-12-30,21.002696524010435,1.0,7.167771889535043,8255.0,15.0,255.0,1766.0,639.0,2021,12
2022-01-01,26.205210298944692,1.0,6.178852381328835,1891.0,20.0,186.0,371.0,151.0,2022,1
2022-01-02,28.263970890533763,1.0,7.528903975524013,4252.0,18.0,208.0,969.0,255.0,2022,1
2022-01-03,23.399574178260426,1.0,7.950753833820761,9631.0,22.0,262.0,1993.0,760.0,2022,1
2022-01-04,21.110740678684444,1.0000124675842808,7.60034833643966,9702.0,31.0,303.0,1908.0,689.0,2022,1
2022-01-05,19.206789694270157,1.0,7.0212335359736695,6904.0,20.0,258.0,1581.0,577.0,2022,1
2022-01-06,18.907773413592288,1.0000300192122955,6.900470296894298,5871.0,36.0,255.0,1255.0,498.0,2022,1
2022-01-07,18.887184249225236,1.0000091254197694,6.503062672462341,4889.0,32.0,221.0,1030.0,417.0,2022,1
2022-01-08,18.17658217307493,1.0,6.085176486394283,3350.0,29.0,184.0,654.0,292.0,2022,1
2022-01-09,20.564933958137868,1.0,6.876000382979054,2083.0,23.0,171.0,438.0,162.0,2022,1
2022-01-10,19.222598546967014,1.0,7.0674388527453695,4875.0,29.0,221.0,951.0,470.0,2022,1
2022-01-11,18.172412948996808,1.0000460551928765,6.686858553075798,4461.0,26.0,213.0,814.0,405.0,2022,1
2022-01-12,18.47584704959805,1.0000098923710037,6.766806491682807,4100.0,32.0,183.0,699.0,334.0,2022,1
2022-01-13,19.224641304111614,1.0000195385837671,6.988139182624393,3668.0,29.0,186.0,658.0,327.0,2022,1
2022-01-14,19.550415085372226,1.0,6.698181686773876,3114.0,21.0,155.0,523.0,263.0,2022,1
2022-01-15,18.824982934301573,1.0,5.995218252639862,1617.0,27.0,133.0,324.0,169.0,2022,1
2022-01-16,17.530878870890728,1.0,6.227522535681567,1167.0,29.0,117.0,209.0,90.0,2022,1
2022-01-17,20.002134327767585,1.0000382955955245,7.1748451028150235,2049.0,29.0,135.0,368.0,204.0,2022,1
2022-01-18,19.00378720485501,1.0000312032901968,7.008436747184329,2801.0,28.0,139.0,462.0,207.0,2022,1
2022-01-19,18.008657574603962,1.0,6.5816154274311325,2385.0,18.0,128.0,422.0,168.0,2022,1
2022-01-20,18.725908079480774,1.0,6.622179423812884,2022.0,34.0,114.0,387.0,146.0,2022,1
2022-01-21,18.683655318880373,1.0000059986563008,6.459419758697622,1622.0,25.0,98.0,307.0,142.0,2022,1
2022-01-22,17.262188121301715,1.0,5.875656822801223,1027.0,20.0,76.0,200.0,90.0,2022,1
2022-01-23,23.31652197111897,1.0,6.5581240483223056,682.0,22.0,63.0,118.0,44.0,2022,1
2022-01-24,23.644956577908815,1.0000309449948566,7.0088474895185335,1526.0,17.0,84.0,301.0,121.0,2022,1
2022-01-25,19.699088429891574,1.0000202461937155,6.473008882539937,1386.0,20.0,69.0,265.0,108.0,2022,1
2022-01-26,19.49946089053211,1.0000079882413089,6.3954337923498885,1234.0,23.0,60.0,253.0,83.0,2022,1
2022-01-27,20.54312983611716,1.0000186344663091,6.764812333732383,1055.0,15.0,72.0,208.0,88.0,2022,1
2022-01-28,25.886322620919263,1.0,6.534409009844276,758.0,23.0,51.0,146.0,68.0,2022,1
2022-01-29,19.742473539863568,1.0,5.778006148076406,591.0,17.0,48.0,99.0,59.0,2022,1
2022-01-30,20.531046252360284,1.0,6.642598235908281,422.0,13.0,37.0,78.0,39.0,2022,1
2022-01-31,20.73812869574754,1.000019968701457,7.16990809168307,974.0,14.0,43.0,201.0,65.0,2022,1

